date,store_id,sku_id,stockout_risk,predicted_risk
2026-10-24,ST01,SKU001,At-Risk,At-Risk
2026-10-25,ST01,SKU001,Safe,Safe
2026-10-26,ST01,SKU001,Safe,Safe
2026-10-27,ST01,SKU001,Safe,Safe
2026-10-28,ST01,SKU001,Safe,Safe
2026-10-29,ST01,SKU001,Safe,Safe
2026-10-30,ST01,SKU001,Safe,Safe
2026-10-24,ST02,SKU001,Safe,Safe
2026-10-25,ST02,SKU001,Safe,Safe
2026-10-26,ST02,SKU001,Safe,Safe
2026-10-27,ST02,SKU001,At-Risk,At-Risk
2026-10-28,ST02,SKU001,Safe,Safe
2026-10-29,ST02,SKU001,Safe,Safe
2026-10-30,ST02,SKU001,Safe,Safe
2026-10-24,ST03,SKU001,Safe,Safe
2026-10-25,ST03,SKU001,Safe,Safe
2026-10-26,ST03,SKU001,Safe,Safe
2026-10-27,ST03,SKU001,Safe,Safe
2026-10-28,ST03,SKU001,Safe,Safe
2026-10-29,ST03,SKU001,Safe,Safe
2026-10-30,ST03,SKU001,Safe,Safe
2026-10-24,ST04,SKU001,Safe,Safe
2026-10-25,ST04,SKU001,Safe,Safe
2026-10-26,ST04,SKU001,At-Risk,At-Risk
2026-10-27,ST04,SKU001,At-Risk,At-Risk
2026-10-28,ST04,SKU001,At-Risk,At-Risk
2026-10-29,ST04,SKU001,At-Risk,At-Risk
2026-10-30,ST04,SKU001,Safe,Safe
2026-10-24,ST05,SKU001,Safe,Safe
2026-10-25,ST05,SKU001,Safe,Safe
2026-10-26,ST05,SKU001,Safe,Safe
2026-10-27,ST05,SKU001,Safe,Safe
2026-10-28,ST05,SKU001,Safe,Safe
2026-10-29,ST05,SKU001,Safe,Safe
2026-10-30,ST05,SKU001,Safe,Safe
2026-10-24,ST06,SKU001,Imminent,At-Risk
2026-10-25,ST06,SKU001,Imminent,Imminent
2026-10-26,ST06,SKU001,Safe,Safe
2026-10-27,ST06,SKU001,Safe,Safe
2026-10-28,ST06,SKU001,Safe,Safe
2026-10-29,ST06,SKU001,Safe,Safe
2026-10-30,ST06,SKU001,Safe,Safe
2026-10-24,ST07,SKU001,Safe,Safe
2026-10-25,ST07,SKU001,Imminent,Imminent
2026-10-26,ST07,SKU001,Safe,Safe
2026-10-27,ST07,SKU001,Safe,Safe
2026-10-28,ST07,SKU001,Safe,Safe
2026-10-29,ST07,SKU001,Safe,Safe
2026-10-30,ST07,SKU001,Safe,Safe
2026-10-24,ST08,SKU001,Safe,Safe
2026-10-25,ST08,SKU001,Safe,Safe
2026-10-26,ST08,SKU001,Safe,Safe
2026-10-27,ST08,SKU001,Safe,Safe
2026-10-28,ST08,SKU001,Safe,Safe
2026-10-29,ST08,SKU001,Safe,Safe
2026-10-30,ST08,SKU001,Safe,Safe
2026-10-24,ST09,SKU001,Safe,Safe
2026-10-25,ST09,SKU001,Safe,Safe
2026-10-26,ST09,SKU001,Imminent,At-Risk
2026-10-27,ST09,SKU001,At-Risk,At-Risk
2026-10-28,ST09,SKU001,Safe,Safe
2026-10-29,ST09,SKU001,Safe,Safe
2026-10-30,ST09,SKU001,Safe,Safe
2026-10-24,ST10,SKU001,Safe,Safe
2026-10-25,ST10,SKU001,Safe,Safe
2026-10-26,ST10,SKU001,Safe,Safe
2026-10-27,ST10,SKU001,Safe,Safe
2026-10-28,ST10,SKU001,At-Risk,At-Risk
2026-10-29,ST10,SKU001,At-Risk,At-Risk
2026-10-30,ST10,SKU001,At-Risk,At-Risk
2026-10-24,ST11,SKU001,Safe,Safe
2026-10-25,ST11,SKU001,Safe,Safe
2026-10-26,ST11,SKU001,Safe,Safe
2026-10-27,ST11,SKU001,Safe,Safe
2026-10-28,ST11,SKU001,Safe,Safe
2026-10-29,ST11,SKU001,Safe,Safe
2026-10-30,ST11,SKU001,Safe,Safe
2026-10-24,ST12,SKU001,At-Risk,At-Risk
2026-10-25,ST12,SKU001,At-Risk,At-Risk
2026-10-26,ST12,SKU001,Safe,Safe
2026-10-27,ST12,SKU001,Safe,Safe
2026-10-28,ST12,SKU001,Safe,Safe
2026-10-29,ST12,SKU001,Safe,Safe
2026-10-30,ST12,SKU001,Safe,Safe
2026-10-24,ST01,SKU002,At-Risk,At-Risk
2026-10-25,ST01,SKU002,Imminent,Imminent
2026-10-26,ST01,SKU002,Safe,Safe
2026-10-27,ST01,SKU002,Safe,Safe
2026-10-28,ST01,SKU002,Safe,Safe
2026-10-29,ST01,SKU002,Safe,Safe
2026-10-30,ST01,SKU002,Safe,Safe
2026-10-24,ST02,SKU002,At-Risk,At-Risk
2026-10-25,ST02,SKU002,At-Risk,At-Risk
2026-10-26,ST02,SKU002,Imminent,At-Risk
2026-10-27,ST02,SKU002,Imminent,Imminent
2026-10-28,ST02,SKU002,Imminent,Imminent
2026-10-29,ST02,SKU002,Safe,Safe
2026-10-30,ST02,SKU002,Safe,Safe
2026-10-24,ST03,SKU002,Safe,Safe
2026-10-25,ST03,SKU002,Safe,Safe
2026-10-26,ST03,SKU002,Safe,Safe
2026-10-27,ST03,SKU002,Safe,Safe
2026-10-28,ST03,SKU002,Safe,Safe
2026-10-29,ST03,SKU002,Safe,Safe
2026-10-30,ST03,SKU002,Safe,Safe
2026-10-24,ST04,SKU002,Safe,Safe
2026-10-25,ST04,SKU002,Safe,Safe
2026-10-26,ST04,SKU002,At-Risk,At-Risk
2026-10-27,ST04,SKU002,At-Risk,At-Risk
2026-10-28,ST04,SKU002,At-Risk,At-Risk
2026-10-29,ST04,SKU002,At-Risk,At-Risk
2026-10-30,ST04,SKU002,At-Risk,At-Risk
2026-10-24,ST05,SKU002,At-Risk,At-Risk
2026-10-25,ST05,SKU002,Safe,Safe
2026-10-26,ST05,SKU002,Safe,Safe
2026-10-27,ST05,SKU002,Safe,Safe
2026-10-28,ST05,SKU002,Safe,Safe
2026-10-29,ST05,SKU002,Safe,Safe
2026-10-30,ST05,SKU002,Safe,Safe
2026-10-24,ST06,SKU002,Safe,Safe
2026-10-25,ST06,SKU002,Safe,Safe
2026-10-26,ST06,SKU002,Safe,Safe
2026-10-27,ST06,SKU002,Safe,Safe
2026-10-28,ST06,SKU002,Safe,Safe
2026-10-29,ST06,SKU002,At-Risk,At-Risk
2026-10-30,ST06,SKU002,At-Risk,At-Risk
2026-10-24,ST07,SKU002,Imminent,Imminent
2026-10-25,ST07,SKU002,Safe,Safe
2026-10-26,ST07,SKU002,Safe,Safe
2026-10-27,ST07,SKU002,Safe,Safe
2026-10-28,ST07,SKU002,Safe,Safe
2026-10-29,ST07,SKU002,Safe,Safe
2026-10-30,ST07,SKU002,Safe,Safe
2026-10-24,ST08,SKU002,Imminent,Imminent
2026-10-25,ST08,SKU002,Imminent,Imminent
2026-10-26,ST08,SKU002,Safe,Safe
2026-10-27,ST08,SKU002,Safe,Safe
2026-10-28,ST08,SKU002,Safe,Safe
2026-10-29,ST08,SKU002,Safe,Safe
2026-10-30,ST08,SKU002,Safe,Safe
2026-10-24,ST09,SKU002,Safe,Safe
2026-10-25,ST09,SKU002,Safe,Safe
2026-10-26,ST09,SKU002,Safe,Safe
2026-10-27,ST09,SKU002,Safe,Safe
2026-10-28,ST09,SKU002,Safe,Safe
2026-10-29,ST09,SKU002,Safe,Safe
2026-10-30,ST09,SKU002,Safe,Safe
2026-10-24,ST10,SKU002,Imminent,Imminent
2026-10-25,ST10,SKU002,Safe,Safe
2026-10-26,ST10,SKU002,Safe,Safe
2026-10-27,ST10,SKU002,Safe,Safe
2026-10-28,ST10,SKU002,Safe,Safe
2026-10-29,ST10,SKU002,Safe,Safe
2026-10-30,ST10,SKU002,Safe,Safe
2026-10-24,ST11,SKU002,Safe,Safe
2026-10-25,ST11,SKU002,Safe,Safe
2026-10-26,ST11,SKU002,Safe,Safe
2026-10-27,ST11,SKU002,Safe,Safe
2026-10-28,ST11,SKU002,Safe,Safe
2026-10-29,ST11,SKU002,Safe,Safe
2026-10-30,ST11,SKU002,At-Risk,At-Risk
2026-10-24,ST12,SKU002,Safe,Safe
2026-10-25,ST12,SKU002,Safe,Safe
2026-10-26,ST12,SKU002,Safe,Safe
2026-10-27,ST12,SKU002,Safe,Safe
2026-10-28,ST12,SKU002,Safe,Safe
2026-10-29,ST12,SKU002,Safe,Safe
2026-10-30,ST12,SKU002,At-Risk,At-Risk
2026-10-24,ST01,SKU003,Safe,Safe
2026-10-25,ST01,SKU003,Safe,Safe
2026-10-26,ST01,SKU003,At-Risk,At-Risk
2026-10-27,ST01,SKU003,At-Risk,At-Risk
2026-10-28,ST01,SKU003,At-Risk,At-Risk
2026-10-29,ST01,SKU003,At-Risk,At-Risk
2026-10-30,ST01,SKU003,At-Risk,At-Risk
2026-10-24,ST02,SKU003,Safe,Safe
2026-10-25,ST02,SKU003,Safe,Safe
2026-10-26,ST02,SKU003,At-Risk,At-Risk
2026-10-27,ST02,SKU003,At-Risk,At-Risk
2026-10-28,ST02,SKU003,At-Risk,At-Risk
2026-10-29,ST02,SKU003,At-Risk,At-Risk
2026-10-30,ST02,SKU003,At-Risk,At-Risk
2026-10-24,ST03,SKU003,Safe,Safe
2026-10-25,ST03,SKU003,Safe,Safe
2026-10-26,ST03,SKU003,Safe,Safe
2026-10-27,ST03,SKU003,Safe,Safe
2026-10-28,ST03,SKU003,At-Risk,At-Risk
2026-10-29,ST03,SKU003,At-Risk,At-Risk
2026-10-30,ST03,SKU003,At-Risk,At-Risk
2026-10-24,ST04,SKU003,Safe,Safe
2026-10-25,ST04,SKU003,Safe,Safe
2026-10-26,ST04,SKU003,Safe,Safe
2026-10-27,ST04,SKU003,Safe,Safe
2026-10-28,ST04,SKU003,At-Risk,At-Risk
2026-10-29,ST04,SKU003,At-Risk,At-Risk
2026-10-30,ST04,SKU003,At-Risk,At-Risk
2026-10-24,ST05,SKU003,Safe,Safe
2026-10-25,ST05,SKU003,Safe,Safe
2026-10-26,ST05,SKU003,At-Risk,At-Risk
2026-10-27,ST05,SKU003,At-Risk,At-Risk
2026-10-28,ST05,SKU003,At-Risk,At-Risk
2026-10-29,ST05,SKU003,At-Risk,At-Risk
2026-10-30,ST05,SKU003,At-Risk,At-Risk
2026-10-24,ST06,SKU003,Safe,Safe
2026-10-25,ST06,SKU003,Safe,Safe
2026-10-26,ST06,SKU003,Safe,Safe
2026-10-27,ST06,SKU003,Safe,Safe
2026-10-28,ST06,SKU003,Safe,Safe
2026-10-29,ST06,SKU003,At-Risk,At-Risk
2026-10-30,ST06,SKU003,At-Risk,At-Risk
2026-10-24,ST07,SKU003,Safe,Safe
2026-10-25,ST07,SKU003,Safe,Safe
2026-10-26,ST07,SKU003,Safe,Safe
2026-10-27,ST07,SKU003,At-Risk,At-Risk
2026-10-28,ST07,SKU003,At-Risk,At-Risk
2026-10-29,ST07,SKU003,At-Risk,At-Risk
2026-10-30,ST07,SKU003,At-Risk,At-Risk
2026-10-24,ST08,SKU003,Safe,Safe
2026-10-25,ST08,SKU003,Safe,Safe
2026-10-26,ST08,SKU003,At-Risk,At-Risk
2026-10-27,ST08,SKU003,At-Risk,At-Risk
2026-10-28,ST08,SKU003,At-Risk,At-Risk
2026-10-29,ST08,SKU003,At-Risk,At-Risk
2026-10-30,ST08,SKU003,At-Risk,At-Risk
2026-10-24,ST09,SKU003,Safe,Safe
2026-10-25,ST09,SKU003,Safe,Safe
2026-10-26,ST09,SKU003,Safe,Safe
2026-10-27,ST09,SKU003,Safe,Safe
2026-10-28,ST09,SKU003,Safe,Safe
2026-10-29,ST09,SKU003,Safe,Safe
2026-10-30,ST09,SKU003,At-Risk,At-Risk
2026-10-24,ST10,SKU003,Safe,Safe
2026-10-25,ST10,SKU003,Safe,Safe
2026-10-26,ST10,SKU003,Safe,Safe
2026-10-27,ST10,SKU003,Safe,Safe
2026-10-28,ST10,SKU003,At-Risk,At-Risk
2026-10-29,ST10,SKU003,At-Risk,At-Risk
2026-10-30,ST10,SKU003,At-Risk,At-Risk
2026-10-24,ST11,SKU003,At-Risk,At-Risk
2026-10-25,ST11,SKU003,Safe,Safe
2026-10-26,ST11,SKU003,Safe,Safe
2026-10-27,ST11,SKU003,Safe,Safe
2026-10-28,ST11,SKU003,At-Risk,At-Risk
2026-10-29,ST11,SKU003,At-Risk,At-Risk
2026-10-30,ST11,SKU003,At-Risk,At-Risk
2026-10-24,ST12,SKU003,Safe,Safe
2026-10-25,ST12,SKU003,Safe,Safe
2026-10-26,ST12,SKU003,Safe,Safe
2026-10-27,ST12,SKU003,Safe,Safe
2026-10-28,ST12,SKU003,Safe,Safe
2026-10-29,ST12,SKU003,Safe,Safe
2026-10-30,ST12,SKU003,Safe,Safe
2026-10-24,ST01,SKU004,Safe,Safe
2026-10-25,ST01,SKU004,Safe,Safe
2026-10-26,ST01,SKU004,Safe,Safe
2026-10-27,ST01,SKU004,At-Risk,At-Risk
2026-10-28,ST01,SKU004,At-Risk,At-Risk
2026-10-29,ST01,SKU004,At-Risk,At-Risk
2026-10-30,ST01,SKU004,At-Risk,At-Risk
2026-10-24,ST02,SKU004,Safe,Safe
2026-10-25,ST02,SKU004,At-Risk,At-Risk
2026-10-26,ST02,SKU004,At-Risk,At-Risk
2026-10-27,ST02,SKU004,At-Risk,At-Risk
2026-10-28,ST02,SKU004,Imminent,At-Risk
2026-10-29,ST02,SKU004,Imminent,At-Risk
2026-10-30,ST02,SKU004,At-Risk,At-Risk
2026-10-24,ST03,SKU004,Safe,Safe
2026-10-25,ST03,SKU004,Safe,Safe
2026-10-26,ST03,SKU004,Safe,Safe
2026-10-27,ST03,SKU004,At-Risk,At-Risk
2026-10-28,ST03,SKU004,At-Risk,At-Risk
2026-10-29,ST03,SKU004,At-Risk,At-Risk
2026-10-30,ST03,SKU004,At-Risk,At-Risk
2026-10-24,ST04,SKU004,At-Risk,At-Risk
2026-10-25,ST04,SKU004,At-Risk,At-Risk
2026-10-26,ST04,SKU004,Safe,Safe
2026-10-27,ST04,SKU004,Safe,Safe
2026-10-28,ST04,SKU004,Safe,Safe
2026-10-29,ST04,SKU004,Safe,Safe
2026-10-30,ST04,SKU004,Safe,Safe
2026-10-24,ST05,SKU004,Safe,Safe
2026-10-25,ST05,SKU004,At-Risk,At-Risk
2026-10-26,ST05,SKU004,At-Risk,At-Risk
2026-10-27,ST05,SKU004,At-Risk,At-Risk
2026-10-28,ST05,SKU004,At-Risk,At-Risk
2026-10-29,ST05,SKU004,At-Risk,At-Risk
2026-10-30,ST05,SKU004,At-Risk,At-Risk
2026-10-24,ST06,SKU004,Safe,Safe
2026-10-25,ST06,SKU004,At-Risk,At-Risk
2026-10-26,ST06,SKU004,At-Risk,At-Risk
2026-10-27,ST06,SKU004,At-Risk,At-Risk
2026-10-28,ST06,SKU004,At-Risk,At-Risk
2026-10-29,ST06,SKU004,At-Risk,At-Risk
2026-10-30,ST06,SKU004,At-Risk,At-Risk
2026-10-24,ST07,SKU004,Safe,Safe
2026-10-25,ST07,SKU004,Safe,Safe
2026-10-26,ST07,SKU004,Safe,Safe
2026-10-27,ST07,SKU004,At-Risk,At-Risk
2026-10-28,ST07,SKU004,At-Risk,At-Risk
2026-10-29,ST07,SKU004,At-Risk,At-Risk
2026-10-30,ST07,SKU004,At-Risk,At-Risk
2026-10-24,ST08,SKU004,Safe,Safe
2026-10-25,ST08,SKU004,Safe,Safe
2026-10-26,ST08,SKU004,Safe,Safe
2026-10-27,ST08,SKU004,Safe,Safe
2026-10-28,ST08,SKU004,At-Risk,At-Risk
2026-10-29,ST08,SKU004,At-Risk,At-Risk
2026-10-30,ST08,SKU004,At-Risk,At-Risk
2026-10-24,ST09,SKU004,At-Risk,At-Risk
2026-10-25,ST09,SKU004,Imminent,At-Risk
2026-10-26,ST09,SKU004,Imminent,Imminent
2026-10-27,ST09,SKU004,Safe,Safe
2026-10-28,ST09,SKU004,Safe,Safe
2026-10-29,ST09,SKU004,Safe,Safe
2026-10-30,ST09,SKU004,Safe,Safe
2026-10-24,ST10,SKU004,Safe,Safe
2026-10-25,ST10,SKU004,Safe,Safe
2026-10-26,ST10,SKU004,Safe,Safe
2026-10-27,ST10,SKU004,Safe,Safe
2026-10-28,ST10,SKU004,At-Risk,At-Risk
2026-10-29,ST10,SKU004,At-Risk,At-Risk
2026-10-30,ST10,SKU004,At-Risk,At-Risk
2026-10-24,ST11,SKU004,Safe,Safe
2026-10-25,ST11,SKU004,At-Risk,At-Risk
2026-10-26,ST11,SKU004,At-Risk,At-Risk
2026-10-27,ST11,SKU004,At-Risk,At-Risk
2026-10-28,ST11,SKU004,At-Risk,At-Risk
2026-10-29,ST11,SKU004,At-Risk,At-Risk
2026-10-30,ST11,SKU004,At-Risk,At-Risk
2026-10-24,ST12,SKU004,Safe,Safe
2026-10-25,ST12,SKU004,At-Risk,At-Risk
2026-10-26,ST12,SKU004,At-Risk,At-Risk
2026-10-27,ST12,SKU004,At-Risk,At-Risk
2026-10-28,ST12,SKU004,At-Risk,At-Risk
2026-10-29,ST12,SKU004,At-Risk,At-Risk
2026-10-30,ST12,SKU004,At-Risk,At-Risk
2026-10-24,ST01,SKU005,Safe,Safe
2026-10-25,ST01,SKU005,Safe,Safe
2026-10-26,ST01,SKU005,Safe,Safe
2026-10-27,ST01,SKU005,Safe,Safe
2026-10-28,ST01,SKU005,Safe,Safe
2026-10-29,ST01,SKU005,Safe,Safe
2026-10-30,ST01,SKU005,Safe,Safe
2026-10-24,ST02,SKU005,Imminent,Imminent
2026-10-25,ST02,SKU005,Imminent,Imminent
2026-10-26,ST02,SKU005,Safe,Safe
2026-10-27,ST02,SKU005,Safe,Safe
2026-10-28,ST02,SKU005,Safe,Safe
2026-10-29,ST02,SKU005,Safe,Safe
2026-10-30,ST02,SKU005,Safe,Safe
2026-10-24,ST03,SKU005,Safe,Safe
2026-10-25,ST03,SKU005,Safe,Safe
2026-10-26,ST03,SKU005,Safe,Safe
2026-10-27,ST03,SKU005,At-Risk,At-Risk
2026-10-28,ST03,SKU005,At-Risk,At-Risk
2026-10-29,ST03,SKU005,At-Risk,At-Risk
2026-10-30,ST03,SKU005,Imminent,At-Risk
2026-10-24,ST04,SKU005,Safe,Safe
2026-10-25,ST04,SKU005,Safe,Safe
2026-10-26,ST04,SKU005,Safe,Safe
2026-10-27,ST04,SKU005,Safe,Safe
2026-10-28,ST04,SKU005,Safe,Safe
2026-10-29,ST04,SKU005,At-Risk,At-Risk
2026-10-30,ST04,SKU005,At-Risk,At-Risk
2026-10-24,ST05,SKU005,Imminent,Imminent
2026-10-25,ST05,SKU005,Imminent,Imminent
2026-10-26,ST05,SKU005,Imminent,Imminent
2026-10-27,ST05,SKU005,Safe,Safe
2026-10-28,ST05,SKU005,Safe,Safe
2026-10-29,ST05,SKU005,Safe,Safe
2026-10-30,ST05,SKU005,Safe,Safe
2026-10-24,ST06,SKU005,Safe,Safe
2026-10-25,ST06,SKU005,Safe,Safe
2026-10-26,ST06,SKU005,Safe,Safe
2026-10-27,ST06,SKU005,Safe,Safe
2026-10-28,ST06,SKU005,Safe,Safe
2026-10-29,ST06,SKU005,Safe,Safe
2026-10-30,ST06,SKU005,Safe,Safe
2026-10-24,ST07,SKU005,Safe,Safe
2026-10-25,ST07,SKU005,Safe,Safe
2026-10-26,ST07,SKU005,Safe,Safe
2026-10-27,ST07,SKU005,Safe,Safe
2026-10-28,ST07,SKU005,Safe,Safe
2026-10-29,ST07,SKU005,At-Risk,At-Risk
2026-10-30,ST07,SKU005,At-Risk,At-Risk
2026-10-24,ST08,SKU005,Safe,Safe
2026-10-25,ST08,SKU005,Safe,Safe
2026-10-26,ST08,SKU005,Safe,Safe
2026-10-27,ST08,SKU005,Safe,Safe
2026-10-28,ST08,SKU005,At-Risk,At-Risk
2026-10-29,ST08,SKU005,At-Risk,At-Risk
2026-10-30,ST08,SKU005,Imminent,Imminent
2026-10-24,ST09,SKU005,Safe,Safe
2026-10-25,ST09,SKU005,Safe,Safe
2026-10-26,ST09,SKU005,Safe,Safe
2026-10-27,ST09,SKU005,Safe,Safe
2026-10-28,ST09,SKU005,At-Risk,At-Risk
2026-10-29,ST09,SKU005,At-Risk,At-Risk
2026-10-30,ST09,SKU005,Imminent,Imminent
2026-10-24,ST10,SKU005,Safe,Safe
2026-10-25,ST10,SKU005,Safe,Safe
2026-10-26,ST10,SKU005,Safe,Safe
2026-10-27,ST10,SKU005,Safe,Safe
2026-10-28,ST10,SKU005,Safe,Safe
2026-10-29,ST10,SKU005,Safe,Safe
2026-10-30,ST10,SKU005,Safe,Safe
2026-10-24,ST11,SKU005,Safe,Safe
2026-10-25,ST11,SKU005,At-Risk,At-Risk
2026-10-26,ST11,SKU005,At-Risk,At-Risk
2026-10-27,ST11,SKU005,At-Risk,Imminent
2026-10-28,ST11,SKU005,At-Risk,At-Risk
2026-10-29,ST11,SKU005,Safe,Safe
2026-10-30,ST11,SKU005,Safe,Safe
2026-10-24,ST12,SKU005,Safe,Safe
2026-10-25,ST12,SKU005,Safe,Safe
2026-10-26,ST12,SKU005,Safe,Safe
2026-10-27,ST12,SKU005,Safe,Safe
2026-10-28,ST12,SKU005,Safe,Safe
2026-10-29,ST12,SKU005,Safe,Safe
2026-10-30,ST12,SKU005,Safe,Safe
2026-10-24,ST01,SKU006,Safe,Safe
2026-10-25,ST01,SKU006,Safe,Safe
2026-10-26,ST01,SKU006,Safe,Safe
2026-10-27,ST01,SKU006,Safe,Safe
2026-10-28,ST01,SKU006,At-Risk,At-Risk
2026-10-29,ST01,SKU006,At-Risk,At-Risk
2026-10-30,ST01,SKU006,At-Risk,At-Risk
2026-10-24,ST02,SKU006,Safe,Safe
2026-10-25,ST02,SKU006,Safe,Safe
2026-10-26,ST02,SKU006,At-Risk,At-Risk
2026-10-27,ST02,SKU006,Imminent,At-Risk
2026-10-28,ST02,SKU006,Imminent,At-Risk
2026-10-29,ST02,SKU006,Imminent,At-Risk
2026-10-30,ST02,SKU006,Imminent,At-Risk
2026-10-24,ST03,SKU006,Safe,Safe
2026-10-25,ST03,SKU006,Safe,Safe
2026-10-26,ST03,SKU006,At-Risk,At-Risk
2026-10-27,ST03,SKU006,At-Risk,At-Risk
2026-10-28,ST03,SKU006,At-Risk,At-Risk
2026-10-29,ST03,SKU006,At-Risk,At-Risk
2026-10-30,ST03,SKU006,At-Risk,At-Risk
2026-10-24,ST04,SKU006,Safe,Safe
2026-10-25,ST04,SKU006,Safe,Safe
2026-10-26,ST04,SKU006,Safe,Safe
2026-10-27,ST04,SKU006,Safe,Safe
2026-10-28,ST04,SKU006,Safe,Safe
2026-10-29,ST04,SKU006,Safe,Safe
2026-10-30,ST04,SKU006,Safe,Safe
2026-10-24,ST05,SKU006,At-Risk,At-Risk
2026-10-25,ST05,SKU006,Safe,Safe
2026-10-26,ST05,SKU006,Safe,Safe
2026-10-27,ST05,SKU006,Safe,Safe
2026-10-28,ST05,SKU006,Safe,Safe
2026-10-29,ST05,SKU006,At-Risk,At-Risk
2026-10-30,ST05,SKU006,Safe,Safe
2026-10-24,ST06,SKU006,Safe,Safe
2026-10-25,ST06,SKU006,At-Risk,At-Risk
2026-10-26,ST06,SKU006,At-Risk,At-Risk
2026-10-27,ST06,SKU006,At-Risk,At-Risk
2026-10-28,ST06,SKU006,At-Risk,At-Risk
2026-10-29,ST06,SKU006,At-Risk,At-Risk
2026-10-30,ST06,SKU006,At-Risk,At-Risk
2026-10-24,ST07,SKU006,Safe,Safe
2026-10-25,ST07,SKU006,At-Risk,At-Risk
2026-10-26,ST07,SKU006,At-Risk,At-Risk
2026-10-27,ST07,SKU006,At-Risk,At-Risk
2026-10-28,ST07,SKU006,Imminent,At-Risk
2026-10-29,ST07,SKU006,At-Risk,At-Risk
2026-10-30,ST07,SKU006,At-Risk,At-Risk
2026-10-24,ST08,SKU006,Safe,Safe
2026-10-25,ST08,SKU006,At-Risk,At-Risk
2026-10-26,ST08,SKU006,At-Risk,At-Risk
2026-10-27,ST08,SKU006,At-Risk,At-Risk
2026-10-28,ST08,SKU006,Imminent,At-Risk
2026-10-29,ST08,SKU006,Imminent,At-Risk
2026-10-30,ST08,SKU006,Imminent,At-Risk
2026-10-24,ST09,SKU006,Safe,Safe
2026-10-25,ST09,SKU006,At-Risk,At-Risk
2026-10-26,ST09,SKU006,At-Risk,At-Risk
2026-10-27,ST09,SKU006,At-Risk,At-Risk
2026-10-28,ST09,SKU006,At-Risk,At-Risk
2026-10-29,ST09,SKU006,At-Risk,At-Risk
2026-10-30,ST09,SKU006,At-Risk,At-Risk
2026-10-24,ST10,SKU006,Safe,Safe
2026-10-25,ST10,SKU006,Safe,Safe
2026-10-26,ST10,SKU006,Safe,Safe
2026-10-27,ST10,SKU006,Safe,Safe
2026-10-28,ST10,SKU006,At-Risk,At-Risk
2026-10-29,ST10,SKU006,At-Risk,At-Risk
2026-10-30,ST10,SKU006,At-Risk,At-Risk
2026-10-24,ST11,SKU006,Safe,Safe
2026-10-25,ST11,SKU006,Safe,Safe
2026-10-26,ST11,SKU006,Safe,Safe
2026-10-27,ST11,SKU006,Safe,Safe
2026-10-28,ST11,SKU006,Safe,Safe
2026-10-29,ST11,SKU006,Safe,Safe
2026-10-30,ST11,SKU006,At-Risk,At-Risk
2026-10-24,ST12,SKU006,At-Risk,At-Risk
2026-10-25,ST12,SKU006,Safe,Safe
2026-10-26,ST12,SKU006,Safe,Safe
2026-10-27,ST12,SKU006,Safe,Safe
2026-10-28,ST12,SKU006,Safe,Safe
2026-10-29,ST12,SKU006,Safe,Safe
2026-10-30,ST12,SKU006,Safe,Safe
2026-10-24,ST01,SKU007,Imminent,Imminent
2026-10-25,ST01,SKU007,Imminent,Imminent
2026-10-26,ST01,SKU007,Safe,Safe
2026-10-27,ST01,SKU007,Safe,Safe
2026-10-28,ST01,SKU007,Safe,Safe
2026-10-29,ST01,SKU007,Safe,Safe
2026-10-30,ST01,SKU007,Safe,Safe
2026-10-24,ST02,SKU007,Safe,Safe
2026-10-25,ST02,SKU007,Safe,Safe
2026-10-26,ST02,SKU007,Safe,Safe
2026-10-27,ST02,SKU007,Safe,Safe
2026-10-28,ST02,SKU007,Safe,Safe
2026-10-29,ST02,SKU007,Safe,Safe
2026-10-30,ST02,SKU007,Safe,Safe
2026-10-24,ST03,SKU007,At-Risk,Imminent
2026-10-25,ST03,SKU007,Safe,Safe
2026-10-26,ST03,SKU007,Safe,Safe
2026-10-27,ST03,SKU007,Safe,Safe
2026-10-28,ST03,SKU007,Safe,Safe
2026-10-29,ST03,SKU007,Safe,Safe
2026-10-30,ST03,SKU007,Safe,Safe
2026-10-24,ST04,SKU007,Safe,Safe
2026-10-25,ST04,SKU007,Safe,Safe
2026-10-26,ST04,SKU007,Safe,Safe
2026-10-27,ST04,SKU007,Safe,Safe
2026-10-28,ST04,SKU007,Safe,Safe
2026-10-29,ST04,SKU007,At-Risk,At-Risk
2026-10-30,ST04,SKU007,At-Risk,At-Risk
2026-10-24,ST05,SKU007,Safe,Safe
2026-10-25,ST05,SKU007,Safe,Safe
2026-10-26,ST05,SKU007,Safe,Safe
2026-10-27,ST05,SKU007,At-Risk,At-Risk
2026-10-28,ST05,SKU007,At-Risk,At-Risk
2026-10-29,ST05,SKU007,Imminent,Imminent
2026-10-30,ST05,SKU007,Imminent,At-Risk
2026-10-24,ST06,SKU007,Imminent,Imminent
2026-10-25,ST06,SKU007,Safe,Safe
2026-10-26,ST06,SKU007,Safe,Safe
2026-10-27,ST06,SKU007,Safe,Safe
2026-10-28,ST06,SKU007,Safe,Safe
2026-10-29,ST06,SKU007,Safe,Safe
2026-10-30,ST06,SKU007,Safe,Safe
2026-10-24,ST07,SKU007,Safe,Safe
2026-10-25,ST07,SKU007,Safe,Safe
2026-10-26,ST07,SKU007,Safe,Safe
2026-10-27,ST07,SKU007,Safe,Safe
2026-10-28,ST07,SKU007,Safe,Safe
2026-10-29,ST07,SKU007,Safe,Safe
2026-10-30,ST07,SKU007,Safe,Safe
2026-10-24,ST08,SKU007,At-Risk,At-Risk
2026-10-25,ST08,SKU007,Imminent,Imminent
2026-10-26,ST08,SKU007,Imminent,Imminent
2026-10-27,ST08,SKU007,Imminent,Imminent
2026-10-28,ST08,SKU007,Safe,Safe
2026-10-29,ST08,SKU007,Safe,Safe
2026-10-30,ST08,SKU007,Safe,Safe
2026-10-24,ST09,SKU007,Safe,Safe
2026-10-25,ST09,SKU007,Safe,Safe
2026-10-26,ST09,SKU007,Safe,Safe
2026-10-27,ST09,SKU007,Safe,Safe
2026-10-28,ST09,SKU007,Safe,Safe
2026-10-29,ST09,SKU007,Safe,Safe
2026-10-30,ST09,SKU007,Safe,Safe
2026-10-24,ST10,SKU007,Safe,Safe
2026-10-25,ST10,SKU007,Safe,Safe
2026-10-26,ST10,SKU007,Safe,Safe
2026-10-27,ST10,SKU007,Safe,Safe
2026-10-28,ST10,SKU007,Safe,Safe
2026-10-29,ST10,SKU007,Safe,Safe
2026-10-30,ST10,SKU007,Safe,Safe
2026-10-24,ST11,SKU007,Safe,Safe
2026-10-25,ST11,SKU007,Safe,Safe
2026-10-26,ST11,SKU007,Safe,Safe
2026-10-27,ST11,SKU007,At-Risk,At-Risk
2026-10-28,ST11,SKU007,At-Risk,At-Risk
2026-10-29,ST11,SKU007,Imminent,Imminent
2026-10-30,ST11,SKU007,At-Risk,At-Risk
2026-10-24,ST12,SKU007,At-Risk,At-Risk
2026-10-25,ST12,SKU007,At-Risk,At-Risk
2026-10-26,ST12,SKU007,At-Risk,Imminent
2026-10-27,ST12,SKU007,Safe,Safe
2026-10-28,ST12,SKU007,Safe,Safe
2026-10-29,ST12,SKU007,Safe,Safe
2026-10-30,ST12,SKU007,Safe,Safe
2026-10-24,ST01,SKU008,Safe,Safe
2026-10-25,ST01,SKU008,Safe,Safe
2026-10-26,ST01,SKU008,Safe,Safe
2026-10-27,ST01,SKU008,Safe,Safe
2026-10-28,ST01,SKU008,Safe,Safe
2026-10-29,ST01,SKU008,Safe,Safe
2026-10-30,ST01,SKU008,Safe,Safe
2026-10-24,ST02,SKU008,Safe,Safe
2026-10-25,ST02,SKU008,Safe,Safe
2026-10-26,ST02,SKU008,Safe,Safe
2026-10-27,ST02,SKU008,Safe,Safe
2026-10-28,ST02,SKU008,Safe,Safe
2026-10-29,ST02,SKU008,Safe,Safe
2026-10-30,ST02,SKU008,Safe,Safe
2026-10-24,ST03,SKU008,Safe,Safe
2026-10-25,ST03,SKU008,Safe,Safe
2026-10-26,ST03,SKU008,Safe,Safe
2026-10-27,ST03,SKU008,Safe,Safe
2026-10-28,ST03,SKU008,Safe,Safe
2026-10-29,ST03,SKU008,At-Risk,At-Risk
2026-10-30,ST03,SKU008,At-Risk,At-Risk
2026-10-24,ST04,SKU008,Safe,Safe
2026-10-25,ST04,SKU008,Safe,Safe
2026-10-26,ST04,SKU008,Safe,Safe
2026-10-27,ST04,SKU008,Safe,Safe
2026-10-28,ST04,SKU008,Safe,Safe
2026-10-29,ST04,SKU008,Safe,Safe
2026-10-30,ST04,SKU008,Safe,Safe
2026-10-24,ST05,SKU008,Imminent,At-Risk
2026-10-25,ST05,SKU008,Imminent,Imminent
2026-10-26,ST05,SKU008,Safe,Safe
2026-10-27,ST05,SKU008,Safe,Safe
2026-10-28,ST05,SKU008,Safe,Safe
2026-10-29,ST05,SKU008,Safe,Safe
2026-10-30,ST05,SKU008,Safe,Safe
2026-10-24,ST06,SKU008,At-Risk,At-Risk
2026-10-25,ST06,SKU008,Safe,Safe
2026-10-26,ST06,SKU008,Safe,Safe
2026-10-27,ST06,SKU008,Safe,Safe
2026-10-28,ST06,SKU008,Safe,Safe
2026-10-29,ST06,SKU008,Safe,Safe
2026-10-30,ST06,SKU008,Safe,Safe
2026-10-24,ST07,SKU008,Imminent,Imminent
2026-10-25,ST07,SKU008,Safe,Safe
2026-10-26,ST07,SKU008,Safe,Safe
2026-10-27,ST07,SKU008,Safe,Safe
2026-10-28,ST07,SKU008,Safe,Safe
2026-10-29,ST07,SKU008,Safe,Safe
2026-10-30,ST07,SKU008,Safe,Safe
2026-10-24,ST08,SKU008,Safe,Safe
2026-10-25,ST08,SKU008,Safe,Safe
2026-10-26,ST08,SKU008,Safe,Safe
2026-10-27,ST08,SKU008,Safe,Safe
2026-10-28,ST08,SKU008,Safe,Safe
2026-10-29,ST08,SKU008,Safe,Safe
2026-10-30,ST08,SKU008,Safe,Safe
2026-10-24,ST09,SKU008,Safe,Safe
2026-10-25,ST09,SKU008,Safe,Safe
2026-10-26,ST09,SKU008,Safe,Safe
2026-10-27,ST09,SKU008,Safe,Safe
2026-10-28,ST09,SKU008,Safe,Safe
2026-10-29,ST09,SKU008,Safe,Safe
2026-10-30,ST09,SKU008,Safe,Safe
2026-10-24,ST10,SKU008,Imminent,Imminent
2026-10-25,ST10,SKU008,Safe,Safe
2026-10-26,ST10,SKU008,Safe,Safe
2026-10-27,ST10,SKU008,Safe,Safe
2026-10-28,ST10,SKU008,Safe,Safe
2026-10-29,ST10,SKU008,Safe,Safe
2026-10-30,ST10,SKU008,Safe,Safe
2026-10-24,ST11,SKU008,Safe,Safe
2026-10-25,ST11,SKU008,Safe,Safe
2026-10-26,ST11,SKU008,Safe,Safe
2026-10-27,ST11,SKU008,Safe,Safe
2026-10-28,ST11,SKU008,Safe,Safe
2026-10-29,ST11,SKU008,Safe,Safe
2026-10-30,ST11,SKU008,Safe,Safe
2026-10-24,ST12,SKU008,Safe,Safe
2026-10-25,ST12,SKU008,Safe,Safe
2026-10-26,ST12,SKU008,At-Risk,At-Risk
2026-10-27,ST12,SKU008,Imminent,At-Risk
2026-10-28,ST12,SKU008,Imminent,At-Risk
2026-10-29,ST12,SKU008,Imminent,Imminent
2026-10-30,ST12,SKU008,Safe,Safe
2026-10-24,ST01,SKU009,Imminent,Imminent
2026-10-25,ST01,SKU009,Imminent,Imminent
2026-10-26,ST01,SKU009,Safe,Safe
2026-10-27,ST01,SKU009,Safe,Safe
2026-10-28,ST01,SKU009,Safe,Safe
2026-10-29,ST01,SKU009,Safe,Safe
2026-10-30,ST01,SKU009,Safe,Safe
2026-10-24,ST02,SKU009,At-Risk,At-Risk
2026-10-25,ST02,SKU009,At-Risk,At-Risk
2026-10-26,ST02,SKU009,Safe,Safe
2026-10-27,ST02,SKU009,Safe,Safe
2026-10-28,ST02,SKU009,Safe,Safe
2026-10-29,ST02,SKU009,Safe,Safe
2026-10-30,ST02,SKU009,Safe,Safe
2026-10-24,ST03,SKU009,Safe,Safe
2026-10-25,ST03,SKU009,Safe,Safe
2026-10-26,ST03,SKU009,Safe,Safe
2026-10-27,ST03,SKU009,Safe,Safe
2026-10-28,ST03,SKU009,Safe,Safe
2026-10-29,ST03,SKU009,At-Risk,At-Risk
2026-10-30,ST03,SKU009,At-Risk,At-Risk
2026-10-24,ST04,SKU009,Safe,Safe
2026-10-25,ST04,SKU009,Safe,Safe
2026-10-26,ST04,SKU009,Safe,Safe
2026-10-27,ST04,SKU009,Safe,Safe
2026-10-28,ST04,SKU009,Safe,Safe
2026-10-29,ST04,SKU009,Safe,Safe
2026-10-30,ST04,SKU009,Safe,Safe
2026-10-24,ST05,SKU009,Safe,Safe
2026-10-25,ST05,SKU009,Safe,Safe
2026-10-26,ST05,SKU009,Safe,Safe
2026-10-27,ST05,SKU009,Safe,Safe
2026-10-28,ST05,SKU009,Safe,Safe
2026-10-29,ST05,SKU009,Safe,Safe
2026-10-30,ST05,SKU009,Safe,Safe
2026-10-24,ST06,SKU009,Safe,Safe
2026-10-25,ST06,SKU009,Safe,Safe
2026-10-26,ST06,SKU009,At-Risk,At-Risk
2026-10-27,ST06,SKU009,At-Risk,At-Risk
2026-10-28,ST06,SKU009,At-Risk,At-Risk
2026-10-29,ST06,SKU009,Safe,Safe
2026-10-30,ST06,SKU009,Safe,Safe
2026-10-24,ST07,SKU009,At-Risk,Imminent
2026-10-25,ST07,SKU009,Safe,Safe
2026-10-26,ST07,SKU009,Safe,Safe
2026-10-27,ST07,SKU009,Safe,Safe
2026-10-28,ST07,SKU009,Safe,Safe
2026-10-29,ST07,SKU009,Safe,Safe
2026-10-30,ST07,SKU009,Safe,Safe
2026-10-24,ST08,SKU009,Imminent,Imminent
2026-10-25,ST08,SKU009,Imminent,Imminent
2026-10-26,ST08,SKU009,Imminent,Imminent
2026-10-27,ST08,SKU009,Safe,Safe
2026-10-28,ST08,SKU009,Safe,Safe
2026-10-29,ST08,SKU009,Safe,Safe
2026-10-30,ST08,SKU009,Safe,Safe
2026-10-24,ST09,SKU009,At-Risk,Imminent
2026-10-25,ST09,SKU009,At-Risk,Imminent
2026-10-26,ST09,SKU009,At-Risk,At-Risk
2026-10-27,ST09,SKU009,Safe,Safe
2026-10-28,ST09,SKU009,Safe,Safe
2026-10-29,ST09,SKU009,Safe,Safe
2026-10-30,ST09,SKU009,Safe,Safe
2026-10-24,ST10,SKU009,Imminent,At-Risk
2026-10-25,ST10,SKU009,Imminent,Imminent
2026-10-26,ST10,SKU009,Imminent,Imminent
2026-10-27,ST10,SKU009,Imminent,Imminent
2026-10-28,ST10,SKU009,Safe,Safe
2026-10-29,ST10,SKU009,Safe,Safe
2026-10-30,ST10,SKU009,Safe,Safe
2026-10-24,ST11,SKU009,Safe,Safe
2026-10-25,ST11,SKU009,Safe,Safe
2026-10-26,ST11,SKU009,At-Risk,At-Risk
2026-10-27,ST11,SKU009,At-Risk,At-Risk
2026-10-28,ST11,SKU009,At-Risk,At-Risk
2026-10-29,ST11,SKU009,At-Risk,Imminent
2026-10-30,ST11,SKU009,At-Risk,Imminent
2026-10-24,ST12,SKU009,Safe,Safe
2026-10-25,ST12,SKU009,Safe,Safe
2026-10-26,ST12,SKU009,Safe,Safe
2026-10-27,ST12,SKU009,Safe,Safe
2026-10-28,ST12,SKU009,Safe,Safe
2026-10-29,ST12,SKU009,Safe,Safe
2026-10-30,ST12,SKU009,Safe,Safe
2026-10-24,ST01,SKU010,Safe,Safe
2026-10-25,ST01,SKU010,Safe,Safe
2026-10-26,ST01,SKU010,Safe,Safe
2026-10-27,ST01,SKU010,Safe,Safe
2026-10-28,ST01,SKU010,Safe,Safe
2026-10-29,ST01,SKU010,Safe,Safe
2026-10-30,ST01,SKU010,Safe,Safe
2026-10-24,ST02,SKU010,Safe,Safe
2026-10-25,ST02,SKU010,Safe,Safe
2026-10-26,ST02,SKU010,Safe,Safe
2026-10-27,ST02,SKU010,Safe,Safe
2026-10-28,ST02,SKU010,Safe,Safe
2026-10-29,ST02,SKU010,Safe,Safe
2026-10-30,ST02,SKU010,At-Risk,At-Risk
2026-10-24,ST03,SKU010,Safe,Safe
2026-10-25,ST03,SKU010,Safe,Safe
2026-10-26,ST03,SKU010,Safe,Safe
2026-10-27,ST03,SKU010,Safe,Safe
2026-10-28,ST03,SKU010,Safe,Safe
2026-10-29,ST03,SKU010,Safe,Safe
2026-10-30,ST03,SKU010,Safe,Safe
2026-10-24,ST04,SKU010,At-Risk,At-Risk
2026-10-25,ST04,SKU010,Safe,Safe
2026-10-26,ST04,SKU010,Safe,Safe
2026-10-27,ST04,SKU010,Safe,Safe
2026-10-28,ST04,SKU010,Safe,Safe
2026-10-29,ST04,SKU010,Safe,Safe
2026-10-30,ST04,SKU010,Safe,Safe
2026-10-24,ST05,SKU010,Safe,Safe
2026-10-25,ST05,SKU010,Safe,Safe
2026-10-26,ST05,SKU010,Safe,Safe
2026-10-27,ST05,SKU010,Safe,Safe
2026-10-28,ST05,SKU010,Safe,Safe
2026-10-29,ST05,SKU010,Safe,Safe
2026-10-30,ST05,SKU010,Safe,Safe
2026-10-24,ST06,SKU010,At-Risk,At-Risk
2026-10-25,ST06,SKU010,Safe,Safe
2026-10-26,ST06,SKU010,Safe,Safe
2026-10-27,ST06,SKU010,Safe,Safe
2026-10-28,ST06,SKU010,Safe,Safe
2026-10-29,ST06,SKU010,Safe,Safe
2026-10-30,ST06,SKU010,Safe,Safe
2026-10-24,ST07,SKU010,Safe,Safe
2026-10-25,ST07,SKU010,Safe,Safe
2026-10-26,ST07,SKU010,Safe,Safe
2026-10-27,ST07,SKU010,Safe,Safe
2026-10-28,ST07,SKU010,Safe,Safe
2026-10-29,ST07,SKU010,Safe,Safe
2026-10-30,ST07,SKU010,Safe,Safe
2026-10-24,ST08,SKU010,Safe,Safe
2026-10-25,ST08,SKU010,Safe,Safe
2026-10-26,ST08,SKU010,Safe,Safe
2026-10-27,ST08,SKU010,Safe,Safe
2026-10-28,ST08,SKU010,Safe,Safe
2026-10-29,ST08,SKU010,At-Risk,At-Risk
2026-10-30,ST08,SKU010,At-Risk,At-Risk
2026-10-24,ST09,SKU010,Safe,Safe
2026-10-25,ST09,SKU010,Safe,Safe
2026-10-26,ST09,SKU010,Safe,Safe
2026-10-27,ST09,SKU010,At-Risk,At-Risk
2026-10-28,ST09,SKU010,At-Risk,At-Risk
2026-10-29,ST09,SKU010,At-Risk,At-Risk
2026-10-30,ST09,SKU010,At-Risk,At-Risk
2026-10-24,ST10,SKU010,Safe,Safe
2026-10-25,ST10,SKU010,Safe,Safe
2026-10-26,ST10,SKU010,Safe,Safe
2026-10-27,ST10,SKU010,Safe,Safe
2026-10-28,ST10,SKU010,Safe,Safe
2026-10-29,ST10,SKU010,Safe,Safe
2026-10-30,ST10,SKU010,Safe,Safe
2026-10-24,ST11,SKU010,Safe,Safe
2026-10-25,ST11,SKU010,Safe,Safe
2026-10-26,ST11,SKU010,Safe,Safe
2026-10-27,ST11,SKU010,Imminent,At-Risk
2026-10-28,ST11,SKU010,Imminent,Imminent
2026-10-29,ST11,SKU010,Imminent,Imminent
2026-10-30,ST11,SKU010,Safe,Safe
2026-10-24,ST12,SKU010,Safe,Safe
2026-10-25,ST12,SKU010,Safe,Safe
2026-10-26,ST12,SKU010,Safe,Safe
2026-10-27,ST12,SKU010,Safe,Safe
2026-10-28,ST12,SKU010,Safe,Safe
2026-10-29,ST12,SKU010,Safe,Safe
2026-10-30,ST12,SKU010,Safe,Safe
2026-10-24,ST01,SKU011,Safe,Safe
2026-10-25,ST01,SKU011,Safe,Safe
2026-10-26,ST01,SKU011,Safe,Safe
2026-10-27,ST01,SKU011,Safe,Safe
2026-10-28,ST01,SKU011,Safe,Safe
2026-10-29,ST01,SKU011,At-Risk,At-Risk
2026-10-30,ST01,SKU011,At-Risk,At-Risk
2026-10-24,ST02,SKU011,Safe,Safe
2026-10-25,ST02,SKU011,Safe,Safe
2026-10-26,ST02,SKU011,Safe,Safe
2026-10-27,ST02,SKU011,Safe,Safe
2026-10-28,ST02,SKU011,Safe,Safe
2026-10-29,ST02,SKU011,Safe,Safe
2026-10-30,ST02,SKU011,Safe,Safe
2026-10-24,ST03,SKU011,At-Risk,Imminent
2026-10-25,ST03,SKU011,At-Risk,Imminent
2026-10-26,ST03,SKU011,Safe,Safe
2026-10-27,ST03,SKU011,Safe,Safe
2026-10-28,ST03,SKU011,Safe,Safe
2026-10-29,ST03,SKU011,Safe,Safe
2026-10-30,ST03,SKU011,Safe,Safe
2026-10-24,ST04,SKU011,Safe,Safe
2026-10-25,ST04,SKU011,Safe,Safe
2026-10-26,ST04,SKU011,Safe,Safe
2026-10-27,ST04,SKU011,Safe,Safe
2026-10-28,ST04,SKU011,Safe,Safe
2026-10-29,ST04,SKU011,Safe,Safe
2026-10-30,ST04,SKU011,Safe,Safe
2026-10-24,ST05,SKU011,Imminent,At-Risk
2026-10-25,ST05,SKU011,Imminent,Imminent
2026-10-26,ST05,SKU011,Imminent,Imminent
2026-10-27,ST05,SKU011,Safe,Safe
2026-10-28,ST05,SKU011,Safe,Safe
2026-10-29,ST05,SKU011,Safe,Safe
2026-10-30,ST05,SKU011,Safe,Safe
2026-10-24,ST06,SKU011,Safe,Safe
2026-10-25,ST06,SKU011,Safe,Safe
2026-10-26,ST06,SKU011,Safe,Safe
2026-10-27,ST06,SKU011,Safe,Safe
2026-10-28,ST06,SKU011,Safe,Safe
2026-10-29,ST06,SKU011,Safe,Safe
2026-10-30,ST06,SKU011,Safe,Safe
2026-10-24,ST07,SKU011,At-Risk,At-Risk
2026-10-25,ST07,SKU011,At-Risk,At-Risk
2026-10-26,ST07,SKU011,Safe,Safe
2026-10-27,ST07,SKU011,Safe,Safe
2026-10-28,ST07,SKU011,Safe,Safe
2026-10-29,ST07,SKU011,Safe,Safe
2026-10-30,ST07,SKU011,Safe,Safe
2026-10-24,ST08,SKU011,Imminent,Imminent
2026-10-25,ST08,SKU011,Imminent,Imminent
2026-10-26,ST08,SKU011,Imminent,Imminent
2026-10-27,ST08,SKU011,Safe,Safe
2026-10-28,ST08,SKU011,Safe,Safe
2026-10-29,ST08,SKU011,Safe,Safe
2026-10-30,ST08,SKU011,Safe,Safe
2026-10-24,ST09,SKU011,Safe,Safe
2026-10-25,ST09,SKU011,Safe,Safe
2026-10-26,ST09,SKU011,Safe,Safe
2026-10-27,ST09,SKU011,Safe,Safe
2026-10-28,ST09,SKU011,Safe,Safe
2026-10-29,ST09,SKU011,Safe,Safe
2026-10-30,ST09,SKU011,Safe,Safe
2026-10-24,ST10,SKU011,At-Risk,At-Risk
2026-10-25,ST10,SKU011,At-Risk,At-Risk
2026-10-26,ST10,SKU011,Safe,Safe
2026-10-27,ST10,SKU011,Safe,Safe
2026-10-28,ST10,SKU011,Safe,Safe
2026-10-29,ST10,SKU011,Safe,Safe
2026-10-30,ST10,SKU011,Safe,Safe
2026-10-24,ST11,SKU011,At-Risk,At-Risk
2026-10-25,ST11,SKU011,At-Risk,Imminent
2026-10-26,ST11,SKU011,Safe,Safe
2026-10-27,ST11,SKU011,Safe,Safe
2026-10-28,ST11,SKU011,Safe,Safe
2026-10-29,ST11,SKU011,Safe,Safe
2026-10-30,ST11,SKU011,Safe,Safe
2026-10-24,ST12,SKU011,At-Risk,At-Risk
2026-10-25,ST12,SKU011,At-Risk,At-Risk
2026-10-26,ST12,SKU011,Safe,Safe
2026-10-27,ST12,SKU011,Safe,Safe
2026-10-28,ST12,SKU011,Safe,Safe
2026-10-29,ST12,SKU011,Safe,Safe
2026-10-30,ST12,SKU011,Safe,Safe
2026-10-24,ST01,SKU012,Safe,Safe
2026-10-25,ST01,SKU012,Safe,Safe
2026-10-26,ST01,SKU012,Safe,Safe
2026-10-27,ST01,SKU012,Safe,Safe
2026-10-28,ST01,SKU012,Safe,Safe
2026-10-29,ST01,SKU012,Safe,Safe
2026-10-30,ST01,SKU012,Safe,Safe
2026-10-24,ST02,SKU012,Imminent,Imminent
2026-10-25,ST02,SKU012,Safe,Safe
2026-10-26,ST02,SKU012,Safe,Safe
2026-10-27,ST02,SKU012,Safe,Safe
2026-10-28,ST02,SKU012,Safe,Safe
2026-10-29,ST02,SKU012,Safe,Safe
2026-10-30,ST02,SKU012,Safe,Safe
2026-10-24,ST03,SKU012,Safe,Safe
2026-10-25,ST03,SKU012,Safe,Safe
2026-10-26,ST03,SKU012,Safe,Safe
2026-10-27,ST03,SKU012,Safe,Safe
2026-10-28,ST03,SKU012,Safe,Safe
2026-10-29,ST03,SKU012,Safe,Safe
2026-10-30,ST03,SKU012,Safe,Safe
2026-10-24,ST04,SKU012,At-Risk,Imminent
2026-10-25,ST04,SKU012,Safe,Safe
2026-10-26,ST04,SKU012,Safe,Safe
2026-10-27,ST04,SKU012,Safe,Safe
2026-10-28,ST04,SKU012,Safe,Safe
2026-10-29,ST04,SKU012,Safe,Safe
2026-10-30,ST04,SKU012,Safe,Safe
2026-10-24,ST05,SKU012,Safe,Safe
2026-10-25,ST05,SKU012,Safe,Safe
2026-10-26,ST05,SKU012,Safe,Safe
2026-10-27,ST05,SKU012,Safe,Safe
2026-10-28,ST05,SKU012,At-Risk,At-Risk
2026-10-29,ST05,SKU012,At-Risk,At-Risk
2026-10-30,ST05,SKU012,At-Risk,At-Risk
2026-10-24,ST06,SKU012,At-Risk,Imminent
2026-10-25,ST06,SKU012,Safe,Safe
2026-10-26,ST06,SKU012,Safe,Safe
2026-10-27,ST06,SKU012,Safe,Safe
2026-10-28,ST06,SKU012,Safe,Safe
2026-10-29,ST06,SKU012,Safe,Safe
2026-10-30,ST06,SKU012,Safe,Safe
2026-10-24,ST07,SKU012,Imminent,Imminent
2026-10-25,ST07,SKU012,Imminent,Imminent
2026-10-26,ST07,SKU012,Imminent,Imminent
2026-10-27,ST07,SKU012,Safe,Safe
2026-10-28,ST07,SKU012,Safe,Safe
2026-10-29,ST07,SKU012,Safe,Safe
2026-10-30,ST07,SKU012,Safe,Safe
2026-10-24,ST08,SKU012,Safe,Safe
2026-10-25,ST08,SKU012,Safe,Safe
2026-10-26,ST08,SKU012,Safe,Safe
2026-10-27,ST08,SKU012,Safe,Safe
2026-10-28,ST08,SKU012,Safe,Safe
2026-10-29,ST08,SKU012,Safe,Safe
2026-10-30,ST08,SKU012,Safe,Safe
2026-10-24,ST09,SKU012,At-Risk,At-Risk
2026-10-25,ST09,SKU012,Safe,Safe
2026-10-26,ST09,SKU012,Safe,Safe
2026-10-27,ST09,SKU012,Safe,Safe
2026-10-28,ST09,SKU012,Safe,Safe
2026-10-29,ST09,SKU012,Safe,Safe
2026-10-30,ST09,SKU012,Safe,Safe
2026-10-24,ST10,SKU012,Safe,Safe
2026-10-25,ST10,SKU012,Safe,Safe
2026-10-26,ST10,SKU012,Safe,Safe
2026-10-27,ST10,SKU012,Safe,Safe
2026-10-28,ST10,SKU012,Safe,Safe
2026-10-29,ST10,SKU012,At-Risk,At-Risk
2026-10-30,ST10,SKU012,At-Risk,At-Risk
2026-10-24,ST11,SKU012,Safe,Safe
2026-10-25,ST11,SKU012,Safe,Safe
2026-10-26,ST11,SKU012,Safe,Safe
2026-10-27,ST11,SKU012,Safe,Safe
2026-10-28,ST11,SKU012,Safe,Safe
2026-10-29,ST11,SKU012,Safe,Safe
2026-10-30,ST11,SKU012,Safe,Safe
2026-10-24,ST12,SKU012,Imminent,Imminent
2026-10-25,ST12,SKU012,Imminent,Imminent
2026-10-26,ST12,SKU012,Safe,Safe
2026-10-27,ST12,SKU012,Safe,Safe
2026-10-28,ST12,SKU012,Safe,Safe
2026-10-29,ST12,SKU012,Safe,Safe
2026-10-30,ST12,SKU012,Safe,Safe
2026-10-24,ST01,SKU013,Safe,Safe
2026-10-25,ST01,SKU013,Safe,Safe
2026-10-26,ST01,SKU013,Safe,Safe
2026-10-27,ST01,SKU013,Safe,Safe
2026-10-28,ST01,SKU013,Safe,Safe
2026-10-29,ST01,SKU013,Safe,Safe
2026-10-30,ST01,SKU013,Safe,Safe
2026-10-24,ST02,SKU013,At-Risk,Imminent
2026-10-25,ST02,SKU013,Safe,Safe
2026-10-26,ST02,SKU013,Safe,Safe
2026-10-27,ST02,SKU013,Safe,Safe
2026-10-28,ST02,SKU013,Safe,Safe
2026-10-29,ST02,SKU013,Safe,Safe
2026-10-30,ST02,SKU013,Safe,Safe
2026-10-24,ST03,SKU013,Safe,Safe
2026-10-25,ST03,SKU013,Safe,Safe
2026-10-26,ST03,SKU013,Safe,Safe
2026-10-27,ST03,SKU013,Safe,Safe
2026-10-28,ST03,SKU013,Safe,Safe
2026-10-29,ST03,SKU013,Safe,Safe
2026-10-30,ST03,SKU013,At-Risk,At-Risk
2026-10-24,ST04,SKU013,Safe,Safe
2026-10-25,ST04,SKU013,Safe,Safe
2026-10-26,ST04,SKU013,Safe,Safe
2026-10-27,ST04,SKU013,Safe,Safe
2026-10-28,ST04,SKU013,Safe,Safe
2026-10-29,ST04,SKU013,Safe,Safe
2026-10-30,ST04,SKU013,Safe,Safe
2026-10-24,ST05,SKU013,Safe,Safe
2026-10-25,ST05,SKU013,Safe,Safe
2026-10-26,ST05,SKU013,Safe,Safe
2026-10-27,ST05,SKU013,Safe,Safe
2026-10-28,ST05,SKU013,Safe,Safe
2026-10-29,ST05,SKU013,Safe,Safe
2026-10-30,ST05,SKU013,Safe,Safe
2026-10-24,ST06,SKU013,Safe,Safe
2026-10-25,ST06,SKU013,Safe,Safe
2026-10-26,ST06,SKU013,Safe,Safe
2026-10-27,ST06,SKU013,Safe,Safe
2026-10-28,ST06,SKU013,Safe,Safe
2026-10-29,ST06,SKU013,Safe,Safe
2026-10-30,ST06,SKU013,At-Risk,At-Risk
2026-10-24,ST07,SKU013,Safe,Safe
2026-10-25,ST07,SKU013,Safe,Safe
2026-10-26,ST07,SKU013,Safe,Safe
2026-10-27,ST07,SKU013,Safe,Safe
2026-10-28,ST07,SKU013,Safe,Safe
2026-10-29,ST07,SKU013,Safe,Safe
2026-10-30,ST07,SKU013,Safe,Safe
2026-10-24,ST08,SKU013,Imminent,At-Risk
2026-10-25,ST08,SKU013,Imminent,Imminent
2026-10-26,ST08,SKU013,Imminent,Imminent
2026-10-27,ST08,SKU013,Imminent,Imminent
2026-10-28,ST08,SKU013,Safe,Safe
2026-10-29,ST08,SKU013,Safe,Safe
2026-10-30,ST08,SKU013,Safe,Safe
2026-10-24,ST09,SKU013,Safe,Safe
2026-10-25,ST09,SKU013,Safe,Safe
2026-10-26,ST09,SKU013,Safe,Safe
2026-10-27,ST09,SKU013,Safe,Safe
2026-10-28,ST09,SKU013,Safe,Safe
2026-10-29,ST09,SKU013,Safe,Safe
2026-10-30,ST09,SKU013,Safe,Safe
2026-10-24,ST10,SKU013,Safe,Safe
2026-10-25,ST10,SKU013,Safe,Safe
2026-10-26,ST10,SKU013,Safe,Safe
2026-10-27,ST10,SKU013,Safe,Safe
2026-10-28,ST10,SKU013,Safe,Safe
2026-10-29,ST10,SKU013,Safe,Safe
2026-10-30,ST10,SKU013,Safe,Safe
2026-10-24,ST11,SKU013,At-Risk,At-Risk
2026-10-25,ST11,SKU013,At-Risk,Imminent
2026-10-26,ST11,SKU013,Safe,Safe
2026-10-27,ST11,SKU013,Safe,Safe
2026-10-28,ST11,SKU013,Safe,Safe
2026-10-29,ST11,SKU013,Safe,Safe
2026-10-30,ST11,SKU013,Safe,Safe
2026-10-24,ST12,SKU013,Safe,Safe
2026-10-25,ST12,SKU013,Safe,Safe
2026-10-26,ST12,SKU013,Safe,Safe
2026-10-27,ST12,SKU013,Safe,Safe
2026-10-28,ST12,SKU013,Safe,Safe
2026-10-29,ST12,SKU013,Safe,Safe
2026-10-30,ST12,SKU013,Safe,Safe
2026-10-24,ST01,SKU014,Safe,Safe
2026-10-25,ST01,SKU014,Safe,Safe
2026-10-26,ST01,SKU014,Safe,Safe
2026-10-27,ST01,SKU014,Safe,Safe
2026-10-28,ST01,SKU014,Safe,Safe
2026-10-29,ST01,SKU014,Safe,Safe
2026-10-30,ST01,SKU014,Safe,Safe
2026-10-24,ST02,SKU014,Safe,Safe
2026-10-25,ST02,SKU014,Safe,Safe
2026-10-26,ST02,SKU014,Safe,Safe
2026-10-27,ST02,SKU014,Safe,Safe
2026-10-28,ST02,SKU014,Safe,Safe
2026-10-29,ST02,SKU014,Safe,Safe
2026-10-30,ST02,SKU014,Safe,Safe
2026-10-24,ST03,SKU014,Imminent,At-Risk
2026-10-25,ST03,SKU014,Imminent,Imminent
2026-10-26,ST03,SKU014,Imminent,Imminent
2026-10-27,ST03,SKU014,Imminent,Imminent
2026-10-28,ST03,SKU014,Safe,Safe
2026-10-29,ST03,SKU014,Safe,Safe
2026-10-30,ST03,SKU014,Safe,Safe
2026-10-24,ST04,SKU014,Safe,Safe
2026-10-25,ST04,SKU014,Safe,Safe
2026-10-26,ST04,SKU014,Safe,Safe
2026-10-27,ST04,SKU014,Safe,Safe
2026-10-28,ST04,SKU014,Safe,Safe
2026-10-29,ST04,SKU014,Safe,Safe
2026-10-30,ST04,SKU014,Safe,Safe
2026-10-24,ST05,SKU014,Safe,Safe
2026-10-25,ST05,SKU014,Safe,Safe
2026-10-26,ST05,SKU014,Safe,Safe
2026-10-27,ST05,SKU014,Safe,Safe
2026-10-28,ST05,SKU014,Safe,Safe
2026-10-29,ST05,SKU014,Safe,Safe
2026-10-30,ST05,SKU014,Safe,Safe
2026-10-24,ST06,SKU014,Imminent,Imminent
2026-10-25,ST06,SKU014,Safe,Safe
2026-10-26,ST06,SKU014,Safe,Safe
2026-10-27,ST06,SKU014,Safe,Safe
2026-10-28,ST06,SKU014,Safe,Safe
2026-10-29,ST06,SKU014,Safe,Safe
2026-10-30,ST06,SKU014,Safe,Safe
2026-10-24,ST07,SKU014,Safe,Safe
2026-10-25,ST07,SKU014,Safe,Safe
2026-10-26,ST07,SKU014,Safe,Safe
2026-10-27,ST07,SKU014,Safe,Safe
2026-10-28,ST07,SKU014,Safe,Safe
2026-10-29,ST07,SKU014,Safe,Safe
2026-10-30,ST07,SKU014,Safe,Safe
2026-10-24,ST08,SKU014,Safe,Safe
2026-10-25,ST08,SKU014,Safe,Safe
2026-10-26,ST08,SKU014,Safe,Safe
2026-10-27,ST08,SKU014,Safe,Safe
2026-10-28,ST08,SKU014,Safe,Safe
2026-10-29,ST08,SKU014,Safe,Safe
2026-10-30,ST08,SKU014,At-Risk,At-Risk
2026-10-24,ST09,SKU014,Safe,Safe
2026-10-25,ST09,SKU014,Safe,Safe
2026-10-26,ST09,SKU014,Safe,Safe
2026-10-27,ST09,SKU014,Safe,Safe
2026-10-28,ST09,SKU014,Safe,Safe
2026-10-29,ST09,SKU014,Safe,Safe
2026-10-30,ST09,SKU014,Safe,Safe
2026-10-24,ST10,SKU014,At-Risk,At-Risk
2026-10-25,ST10,SKU014,Imminent,Imminent
2026-10-26,ST10,SKU014,Safe,Safe
2026-10-27,ST10,SKU014,Safe,Safe
2026-10-28,ST10,SKU014,Safe,Safe
2026-10-29,ST10,SKU014,Safe,Safe
2026-10-30,ST10,SKU014,Safe,Safe
2026-10-24,ST11,SKU014,Safe,Safe
2026-10-25,ST11,SKU014,Safe,Safe
2026-10-26,ST11,SKU014,Safe,Safe
2026-10-27,ST11,SKU014,Safe,Safe
2026-10-28,ST11,SKU014,Safe,Safe
2026-10-29,ST11,SKU014,Safe,Safe
2026-10-30,ST11,SKU014,Safe,Safe
2026-10-24,ST12,SKU014,Safe,Safe
2026-10-25,ST12,SKU014,Safe,Safe
2026-10-26,ST12,SKU014,Safe,Safe
2026-10-27,ST12,SKU014,Safe,Safe
2026-10-28,ST12,SKU014,Safe,Safe
2026-10-29,ST12,SKU014,Safe,Safe
2026-10-30,ST12,SKU014,Safe,Safe
2026-10-24,ST01,SKU015,Safe,Safe
2026-10-25,ST01,SKU015,Safe,Safe
2026-10-26,ST01,SKU015,Safe,Safe
2026-10-27,ST01,SKU015,Safe,Safe
2026-10-28,ST01,SKU015,At-Risk,At-Risk
2026-10-29,ST01,SKU015,At-Risk,At-Risk
2026-10-30,ST01,SKU015,At-Risk,At-Risk
2026-10-24,ST02,SKU015,Safe,Safe
2026-10-25,ST02,SKU015,Safe,Safe
2026-10-26,ST02,SKU015,Safe,Safe
2026-10-27,ST02,SKU015,Safe,Safe
2026-10-28,ST02,SKU015,Safe,Safe
2026-10-29,ST02,SKU015,Safe,Safe
2026-10-30,ST02,SKU015,Safe,Safe
2026-10-24,ST03,SKU015,Safe,Safe
2026-10-25,ST03,SKU015,Safe,Safe
2026-10-26,ST03,SKU015,Safe,Safe
2026-10-27,ST03,SKU015,Safe,Safe
2026-10-28,ST03,SKU015,Safe,Safe
2026-10-29,ST03,SKU015,Safe,Safe
2026-10-30,ST03,SKU015,Safe,Safe
2026-10-24,ST04,SKU015,Imminent,Imminent
2026-10-25,ST04,SKU015,Imminent,Imminent
2026-10-26,ST04,SKU015,Imminent,Imminent
2026-10-27,ST04,SKU015,Safe,Safe
2026-10-28,ST04,SKU015,Safe,Safe
2026-10-29,ST04,SKU015,Safe,Safe
2026-10-30,ST04,SKU015,Safe,Safe
2026-10-24,ST05,SKU015,Safe,Safe
2026-10-25,ST05,SKU015,Safe,Safe
2026-10-26,ST05,SKU015,Safe,Safe
2026-10-27,ST05,SKU015,Safe,Safe
2026-10-28,ST05,SKU015,Safe,Safe
2026-10-29,ST05,SKU015,Safe,Safe
2026-10-30,ST05,SKU015,Safe,Safe
2026-10-24,ST06,SKU015,At-Risk,Imminent
2026-10-25,ST06,SKU015,Safe,Safe
2026-10-26,ST06,SKU015,Safe,Safe
2026-10-27,ST06,SKU015,Safe,Safe
2026-10-28,ST06,SKU015,Safe,Safe
2026-10-29,ST06,SKU015,Safe,Safe
2026-10-30,ST06,SKU015,Safe,Safe
2026-10-24,ST07,SKU015,Safe,Safe
2026-10-25,ST07,SKU015,Safe,Safe
2026-10-26,ST07,SKU015,Safe,Safe
2026-10-27,ST07,SKU015,Safe,Safe
2026-10-28,ST07,SKU015,Safe,Safe
2026-10-29,ST07,SKU015,Safe,Safe
2026-10-30,ST07,SKU015,Safe,Safe
2026-10-24,ST08,SKU015,Safe,Safe
2026-10-25,ST08,SKU015,Safe,Safe
2026-10-26,ST08,SKU015,Safe,Safe
2026-10-27,ST08,SKU015,Safe,Safe
2026-10-28,ST08,SKU015,Safe,Safe
2026-10-29,ST08,SKU015,Safe,Safe
2026-10-30,ST08,SKU015,Safe,Safe
2026-10-24,ST09,SKU015,Safe,Safe
2026-10-25,ST09,SKU015,Safe,Safe
2026-10-26,ST09,SKU015,Safe,Safe
2026-10-27,ST09,SKU015,At-Risk,At-Risk
2026-10-28,ST09,SKU015,At-Risk,At-Risk
2026-10-29,ST09,SKU015,Safe,Safe
2026-10-30,ST09,SKU015,Safe,Safe
2026-10-24,ST10,SKU015,At-Risk,At-Risk
2026-10-25,ST10,SKU015,Safe,Safe
2026-10-26,ST10,SKU015,Safe,Safe
2026-10-27,ST10,SKU015,Safe,Safe
2026-10-28,ST10,SKU015,Safe,Safe
2026-10-29,ST10,SKU015,Safe,Safe
2026-10-30,ST10,SKU015,Safe,Safe
2026-10-24,ST11,SKU015,Imminent,Imminent
2026-10-25,ST11,SKU015,Imminent,Imminent
2026-10-26,ST11,SKU015,Safe,Safe
2026-10-27,ST11,SKU015,Safe,Safe
2026-10-28,ST11,SKU015,Safe,Safe
2026-10-29,ST11,SKU015,Safe,Safe
2026-10-30,ST11,SKU015,Safe,Safe
2026-10-24,ST12,SKU015,Safe,Safe
2026-10-25,ST12,SKU015,Safe,Safe
2026-10-26,ST12,SKU015,At-Risk,At-Risk
2026-10-27,ST12,SKU015,At-Risk,At-Risk
2026-10-28,ST12,SKU015,At-Risk,Imminent
2026-10-29,ST12,SKU015,Safe,Safe
2026-10-30,ST12,SKU015,Safe,Safe
2026-10-24,ST01,SKU016,Imminent,Imminent
2026-10-25,ST01,SKU016,Imminent,Imminent
2026-10-26,ST01,SKU016,Imminent,Imminent
2026-10-27,ST01,SKU016,Imminent,Imminent
2026-10-28,ST01,SKU016,Safe,Safe
2026-10-29,ST01,SKU016,Safe,Safe
2026-10-30,ST01,SKU016,Safe,Safe
2026-10-24,ST02,SKU016,Safe,Safe
2026-10-25,ST02,SKU016,Safe,Safe
2026-10-26,ST02,SKU016,Safe,Safe
2026-10-27,ST02,SKU016,Safe,Safe
2026-10-28,ST02,SKU016,Safe,Safe
2026-10-29,ST02,SKU016,Safe,Safe
2026-10-30,ST02,SKU016,Safe,Safe
2026-10-24,ST03,SKU016,Safe,Safe
2026-10-25,ST03,SKU016,Safe,Safe
2026-10-26,ST03,SKU016,Safe,Safe
2026-10-27,ST03,SKU016,Safe,Safe
2026-10-28,ST03,SKU016,Safe,Safe
2026-10-29,ST03,SKU016,Safe,Safe
2026-10-30,ST03,SKU016,Safe,Safe
2026-10-24,ST04,SKU016,Safe,Safe
2026-10-25,ST04,SKU016,Safe,Safe
2026-10-26,ST04,SKU016,Safe,Safe
2026-10-27,ST04,SKU016,Safe,Safe
2026-10-28,ST04,SKU016,Safe,Safe
2026-10-29,ST04,SKU016,At-Risk,At-Risk
2026-10-30,ST04,SKU016,At-Risk,At-Risk
2026-10-24,ST05,SKU016,Safe,Safe
2026-10-25,ST05,SKU016,Safe,Safe
2026-10-26,ST05,SKU016,Safe,Safe
2026-10-27,ST05,SKU016,Safe,Safe
2026-10-28,ST05,SKU016,Safe,Safe
2026-10-29,ST05,SKU016,Safe,Safe
2026-10-30,ST05,SKU016,Safe,Safe
2026-10-24,ST06,SKU016,Safe,Safe
2026-10-25,ST06,SKU016,Safe,Safe
2026-10-26,ST06,SKU016,Safe,Safe
2026-10-27,ST06,SKU016,Safe,Safe
2026-10-28,ST06,SKU016,Safe,Safe
2026-10-29,ST06,SKU016,Safe,Safe
2026-10-30,ST06,SKU016,At-Risk,At-Risk
2026-10-24,ST07,SKU016,Safe,Safe
2026-10-25,ST07,SKU016,Safe,Safe
2026-10-26,ST07,SKU016,Safe,Safe
2026-10-27,ST07,SKU016,Safe,Safe
2026-10-28,ST07,SKU016,Safe,Safe
2026-10-29,ST07,SKU016,Safe,Safe
2026-10-30,ST07,SKU016,At-Risk,At-Risk
2026-10-24,ST08,SKU016,Safe,Safe
2026-10-25,ST08,SKU016,Safe,Safe
2026-10-26,ST08,SKU016,Safe,Safe
2026-10-27,ST08,SKU016,Safe,Safe
2026-10-28,ST08,SKU016,Safe,Safe
2026-10-29,ST08,SKU016,Safe,Safe
2026-10-30,ST08,SKU016,Safe,Safe
2026-10-24,ST09,SKU016,Safe,Safe
2026-10-25,ST09,SKU016,Safe,Safe
2026-10-26,ST09,SKU016,Safe,Safe
2026-10-27,ST09,SKU016,Safe,Safe
2026-10-28,ST09,SKU016,Safe,Safe
2026-10-29,ST09,SKU016,Safe,Safe
2026-10-30,ST09,SKU016,At-Risk,At-Risk
2026-10-24,ST10,SKU016,At-Risk,At-Risk
2026-10-25,ST10,SKU016,Safe,Safe
2026-10-26,ST10,SKU016,Safe,Safe
2026-10-27,ST10,SKU016,Safe,Safe
2026-10-28,ST10,SKU016,Safe,Safe
2026-10-29,ST10,SKU016,Safe,Safe
2026-10-30,ST10,SKU016,Safe,Safe
2026-10-24,ST11,SKU016,Imminent,Imminent
2026-10-25,ST11,SKU016,Safe,Safe
2026-10-26,ST11,SKU016,Safe,Safe
2026-10-27,ST11,SKU016,Safe,Safe
2026-10-28,ST11,SKU016,Safe,Safe
2026-10-29,ST11,SKU016,Safe,Safe
2026-10-30,ST11,SKU016,Safe,Safe
2026-10-24,ST12,SKU016,Safe,Safe
2026-10-25,ST12,SKU016,Safe,Safe
2026-10-26,ST12,SKU016,Safe,Safe
2026-10-27,ST12,SKU016,Safe,Safe
2026-10-28,ST12,SKU016,Safe,Safe
2026-10-29,ST12,SKU016,Safe,Safe
2026-10-30,ST12,SKU016,Safe,Safe
2026-10-24,ST01,SKU017,Imminent,Imminent
2026-10-25,ST01,SKU017,Safe,Safe
2026-10-26,ST01,SKU017,Safe,Safe
2026-10-27,ST01,SKU017,Safe,Safe
2026-10-28,ST01,SKU017,Safe,Safe
2026-10-29,ST01,SKU017,Safe,Safe
2026-10-30,ST01,SKU017,Safe,Safe
2026-10-24,ST02,SKU017,Safe,Safe
2026-10-25,ST02,SKU017,At-Risk,At-Risk
2026-10-26,ST02,SKU017,Imminent,At-Risk
2026-10-27,ST02,SKU017,Imminent,At-Risk
2026-10-28,ST02,SKU017,At-Risk,At-Risk
2026-10-29,ST02,SKU017,Safe,Safe
2026-10-30,ST02,SKU017,Safe,Safe
2026-10-24,ST03,SKU017,Safe,Safe
2026-10-25,ST03,SKU017,Safe,Safe
2026-10-26,ST03,SKU017,Safe,Safe
2026-10-27,ST03,SKU017,At-Risk,At-Risk
2026-10-28,ST03,SKU017,At-Risk,At-Risk
2026-10-29,ST03,SKU017,At-Risk,At-Risk
2026-10-30,ST03,SKU017,At-Risk,At-Risk
2026-10-24,ST04,SKU017,Safe,Safe
2026-10-25,ST04,SKU017,At-Risk,At-Risk
2026-10-26,ST04,SKU017,At-Risk,At-Risk
2026-10-27,ST04,SKU017,At-Risk,At-Risk
2026-10-28,ST04,SKU017,At-Risk,At-Risk
2026-10-29,ST04,SKU017,At-Risk,At-Risk
2026-10-30,ST04,SKU017,Safe,Safe
2026-10-24,ST05,SKU017,At-Risk,At-Risk
2026-10-25,ST05,SKU017,Safe,Safe
2026-10-26,ST05,SKU017,Safe,Safe
2026-10-27,ST05,SKU017,Safe,Safe
2026-10-28,ST05,SKU017,Safe,Safe
2026-10-29,ST05,SKU017,Safe,Safe
2026-10-30,ST05,SKU017,Safe,Safe
2026-10-24,ST06,SKU017,Safe,Safe
2026-10-25,ST06,SKU017,At-Risk,At-Risk
2026-10-26,ST06,SKU017,At-Risk,At-Risk
2026-10-27,ST06,SKU017,Imminent,At-Risk
2026-10-28,ST06,SKU017,At-Risk,At-Risk
2026-10-29,ST06,SKU017,At-Risk,At-Risk
2026-10-30,ST06,SKU017,Safe,Safe
2026-10-24,ST07,SKU017,Safe,Safe
2026-10-25,ST07,SKU017,Safe,Safe
2026-10-26,ST07,SKU017,Safe,Safe
2026-10-27,ST07,SKU017,At-Risk,At-Risk
2026-10-28,ST07,SKU017,At-Risk,At-Risk
2026-10-29,ST07,SKU017,At-Risk,At-Risk
2026-10-30,ST07,SKU017,At-Risk,At-Risk
2026-10-24,ST08,SKU017,Safe,Safe
2026-10-25,ST08,SKU017,Safe,Safe
2026-10-26,ST08,SKU017,Safe,Safe
2026-10-27,ST08,SKU017,At-Risk,At-Risk
2026-10-28,ST08,SKU017,At-Risk,At-Risk
2026-10-29,ST08,SKU017,At-Risk,At-Risk
2026-10-30,ST08,SKU017,At-Risk,At-Risk
2026-10-24,ST09,SKU017,Safe,Safe
2026-10-25,ST09,SKU017,Safe,Safe
2026-10-26,ST09,SKU017,At-Risk,At-Risk
2026-10-27,ST09,SKU017,At-Risk,At-Risk
2026-10-28,ST09,SKU017,At-Risk,At-Risk
2026-10-29,ST09,SKU017,At-Risk,At-Risk
2026-10-30,ST09,SKU017,Imminent,At-Risk
2026-10-24,ST10,SKU017,Safe,Safe
2026-10-25,ST10,SKU017,Safe,Safe
2026-10-26,ST10,SKU017,At-Risk,At-Risk
2026-10-27,ST10,SKU017,At-Risk,At-Risk
2026-10-28,ST10,SKU017,At-Risk,At-Risk
2026-10-29,ST10,SKU017,At-Risk,At-Risk
2026-10-30,ST10,SKU017,At-Risk,At-Risk
2026-10-24,ST11,SKU017,Safe,Safe
2026-10-25,ST11,SKU017,Safe,Safe
2026-10-26,ST11,SKU017,At-Risk,At-Risk
2026-10-27,ST11,SKU017,At-Risk,At-Risk
2026-10-28,ST11,SKU017,At-Risk,At-Risk
2026-10-29,ST11,SKU017,At-Risk,At-Risk
2026-10-30,ST11,SKU017,At-Risk,At-Risk
2026-10-24,ST12,SKU017,Safe,Safe
2026-10-25,ST12,SKU017,At-Risk,At-Risk
2026-10-26,ST12,SKU017,At-Risk,At-Risk
2026-10-27,ST12,SKU017,Imminent,At-Risk
2026-10-28,ST12,SKU017,Imminent,At-Risk
2026-10-29,ST12,SKU017,At-Risk,At-Risk
2026-10-30,ST12,SKU017,Safe,Safe
2026-10-24,ST01,SKU018,Safe,Safe
2026-10-25,ST01,SKU018,At-Risk,At-Risk
2026-10-26,ST01,SKU018,At-Risk,At-Risk
2026-10-27,ST01,SKU018,Imminent,Imminent
2026-10-28,ST01,SKU018,Imminent,At-Risk
2026-10-29,ST01,SKU018,Imminent,Imminent
2026-10-30,ST01,SKU018,Imminent,Imminent
2026-10-24,ST02,SKU018,Safe,Safe
2026-10-25,ST02,SKU018,At-Risk,At-Risk
2026-10-26,ST02,SKU018,At-Risk,At-Risk
2026-10-27,ST02,SKU018,Imminent,Imminent
2026-10-28,ST02,SKU018,Imminent,At-Risk
2026-10-29,ST02,SKU018,Imminent,Imminent
2026-10-30,ST02,SKU018,Imminent,Imminent
2026-10-24,ST03,SKU018,At-Risk,At-Risk
2026-10-25,ST03,SKU018,Imminent,At-Risk
2026-10-26,ST03,SKU018,Imminent,At-Risk
2026-10-27,ST03,SKU018,Imminent,At-Risk
2026-10-28,ST03,SKU018,Imminent,At-Risk
2026-10-29,ST03,SKU018,Imminent,At-Risk
2026-10-30,ST03,SKU018,Imminent,At-Risk
2026-10-24,ST04,SKU018,Safe,Safe
2026-10-25,ST04,SKU018,At-Risk,At-Risk
2026-10-26,ST04,SKU018,Imminent,At-Risk
2026-10-27,ST04,SKU018,Imminent,At-Risk
2026-10-28,ST04,SKU018,Imminent,At-Risk
2026-10-29,ST04,SKU018,Imminent,At-Risk
2026-10-30,ST04,SKU018,Imminent,At-Risk
2026-10-24,ST05,SKU018,Imminent,Imminent
2026-10-25,ST05,SKU018,Imminent,Imminent
2026-10-26,ST05,SKU018,Safe,Safe
2026-10-27,ST05,SKU018,Safe,Safe
2026-10-28,ST05,SKU018,Safe,Safe
2026-10-29,ST05,SKU018,Safe,Safe
2026-10-30,ST05,SKU018,Safe,Safe
2026-10-24,ST06,SKU018,At-Risk,At-Risk
2026-10-25,ST06,SKU018,Imminent,Imminent
2026-10-26,ST06,SKU018,Imminent,Imminent
2026-10-27,ST06,SKU018,Imminent,Imminent
2026-10-28,ST06,SKU018,Imminent,Imminent
2026-10-29,ST06,SKU018,Imminent,Imminent
2026-10-30,ST06,SKU018,Imminent,Imminent
2026-10-24,ST07,SKU018,At-Risk,At-Risk
2026-10-25,ST07,SKU018,Imminent,Imminent
2026-10-26,ST07,SKU018,Imminent,Imminent
2026-10-27,ST07,SKU018,Imminent,Imminent
2026-10-28,ST07,SKU018,Imminent,Imminent
2026-10-29,ST07,SKU018,Imminent,Imminent
2026-10-30,ST07,SKU018,Safe,Safe
2026-10-24,ST08,SKU018,Imminent,Imminent
2026-10-25,ST08,SKU018,Safe,Safe
2026-10-26,ST08,SKU018,Safe,Safe
2026-10-27,ST08,SKU018,Safe,Safe
2026-10-28,ST08,SKU018,Safe,Safe
2026-10-29,ST08,SKU018,Safe,Safe
2026-10-30,ST08,SKU018,Safe,Safe
2026-10-24,ST09,SKU018,Imminent,Imminent
2026-10-25,ST09,SKU018,Imminent,Imminent
2026-10-26,ST09,SKU018,Imminent,Imminent
2026-10-27,ST09,SKU018,Imminent,Imminent
2026-10-28,ST09,SKU018,Imminent,Imminent
2026-10-29,ST09,SKU018,Imminent,Imminent
2026-10-30,ST09,SKU018,Imminent,Imminent
2026-10-24,ST10,SKU018,Imminent,Imminent
2026-10-25,ST10,SKU018,Imminent,Imminent
2026-10-26,ST10,SKU018,Safe,Safe
2026-10-27,ST10,SKU018,Safe,Safe
2026-10-28,ST10,SKU018,Safe,Safe
2026-10-29,ST10,SKU018,Safe,Safe
2026-10-30,ST10,SKU018,Safe,Safe
2026-10-24,ST11,SKU018,Imminent,Imminent
2026-10-25,ST11,SKU018,Safe,Safe
2026-10-26,ST11,SKU018,Safe,Safe
2026-10-27,ST11,SKU018,Safe,Safe
2026-10-28,ST11,SKU018,Safe,Safe
2026-10-29,ST11,SKU018,Safe,Safe
2026-10-30,ST11,SKU018,Safe,Safe
2026-10-24,ST12,SKU018,At-Risk,At-Risk
2026-10-25,ST12,SKU018,Imminent,Imminent
2026-10-26,ST12,SKU018,Imminent,Imminent
2026-10-27,ST12,SKU018,Imminent,Imminent
2026-10-28,ST12,SKU018,Imminent,Imminent
2026-10-29,ST12,SKU018,Imminent,Imminent
2026-10-30,ST12,SKU018,Safe,Safe
2026-10-24,ST01,SKU019,Safe,Safe
2026-10-25,ST01,SKU019,At-Risk,At-Risk
2026-10-26,ST01,SKU019,At-Risk,At-Risk
2026-10-27,ST01,SKU019,At-Risk,At-Risk
2026-10-28,ST01,SKU019,At-Risk,At-Risk
2026-10-29,ST01,SKU019,At-Risk,At-Risk
2026-10-30,ST01,SKU019,At-Risk,At-Risk
2026-10-24,ST02,SKU019,Safe,Safe
2026-10-25,ST02,SKU019,Safe,Safe
2026-10-26,ST02,SKU019,At-Risk,At-Risk
2026-10-27,ST02,SKU019,At-Risk,At-Risk
2026-10-28,ST02,SKU019,At-Risk,At-Risk
2026-10-29,ST02,SKU019,At-Risk,At-Risk
2026-10-30,ST02,SKU019,At-Risk,At-Risk
2026-10-24,ST03,SKU019,At-Risk,At-Risk
2026-10-25,ST03,SKU019,At-Risk,At-Risk
2026-10-26,ST03,SKU019,Imminent,At-Risk
2026-10-27,ST03,SKU019,Imminent,Imminent
2026-10-28,ST03,SKU019,Safe,Safe
2026-10-29,ST03,SKU019,Safe,Safe
2026-10-30,ST03,SKU019,Safe,Safe
2026-10-24,ST04,SKU019,Safe,Safe
2026-10-25,ST04,SKU019,At-Risk,At-Risk
2026-10-26,ST04,SKU019,Imminent,At-Risk
2026-10-27,ST04,SKU019,Imminent,At-Risk
2026-10-28,ST04,SKU019,At-Risk,At-Risk
2026-10-29,ST04,SKU019,Safe,Safe
2026-10-30,ST04,SKU019,Safe,Safe
2026-10-24,ST05,SKU019,At-Risk,At-Risk
2026-10-25,ST05,SKU019,Imminent,At-Risk
2026-10-26,ST05,SKU019,Imminent,Imminent
2026-10-27,ST05,SKU019,Imminent,Imminent
2026-10-28,ST05,SKU019,Safe,Safe
2026-10-29,ST05,SKU019,Safe,Safe
2026-10-30,ST05,SKU019,Safe,Safe
2026-10-24,ST06,SKU019,Safe,Safe
2026-10-25,ST06,SKU019,At-Risk,At-Risk
2026-10-26,ST06,SKU019,Imminent,At-Risk
2026-10-27,ST06,SKU019,Imminent,At-Risk
2026-10-28,ST06,SKU019,Imminent,Imminent
2026-10-29,ST06,SKU019,Safe,Safe
2026-10-30,ST06,SKU019,Safe,Safe
2026-10-24,ST07,SKU019,Safe,Safe
2026-10-25,ST07,SKU019,At-Risk,At-Risk
2026-10-26,ST07,SKU019,At-Risk,At-Risk
2026-10-27,ST07,SKU019,At-Risk,At-Risk
2026-10-28,ST07,SKU019,Imminent,At-Risk
2026-10-29,ST07,SKU019,At-Risk,At-Risk
2026-10-30,ST07,SKU019,At-Risk,At-Risk
2026-10-24,ST08,SKU019,Safe,Safe
2026-10-25,ST08,SKU019,Safe,Safe
2026-10-26,ST08,SKU019,At-Risk,At-Risk
2026-10-27,ST08,SKU019,Safe,Safe
2026-10-28,ST08,SKU019,At-Risk,At-Risk
2026-10-29,ST08,SKU019,At-Risk,At-Risk
2026-10-30,ST08,SKU019,At-Risk,At-Risk
2026-10-24,ST09,SKU019,Safe,Safe
2026-10-25,ST09,SKU019,Safe,Safe
2026-10-26,ST09,SKU019,Safe,Safe
2026-10-27,ST09,SKU019,Safe,Safe
2026-10-28,ST09,SKU019,Safe,Safe
2026-10-29,ST09,SKU019,Safe,Safe
2026-10-30,ST09,SKU019,Safe,Safe
2026-10-24,ST10,SKU019,Safe,Safe
2026-10-25,ST10,SKU019,Safe,Safe
2026-10-26,ST10,SKU019,At-Risk,At-Risk
2026-10-27,ST10,SKU019,At-Risk,At-Risk
2026-10-28,ST10,SKU019,At-Risk,At-Risk
2026-10-29,ST10,SKU019,At-Risk,At-Risk
2026-10-30,ST10,SKU019,At-Risk,At-Risk
2026-10-24,ST11,SKU019,At-Risk,At-Risk
2026-10-25,ST11,SKU019,Imminent,At-Risk
2026-10-26,ST11,SKU019,Imminent,Imminent
2026-10-27,ST11,SKU019,Imminent,Imminent
2026-10-28,ST11,SKU019,Safe,Safe
2026-10-29,ST11,SKU019,Safe,Safe
2026-10-30,ST11,SKU019,Safe,Safe
2026-10-24,ST12,SKU019,At-Risk,At-Risk
2026-10-25,ST12,SKU019,Imminent,At-Risk
2026-10-26,ST12,SKU019,Imminent,Imminent
2026-10-27,ST12,SKU019,Imminent,Imminent
2026-10-28,ST12,SKU019,Safe,Safe
2026-10-29,ST12,SKU019,Safe,Safe
2026-10-30,ST12,SKU019,Safe,Safe
2026-10-24,ST01,SKU020,Safe,Safe
2026-10-25,ST01,SKU020,Safe,Safe
2026-10-26,ST01,SKU020,At-Risk,At-Risk
2026-10-27,ST01,SKU020,At-Risk,At-Risk
2026-10-28,ST01,SKU020,At-Risk,At-Risk
2026-10-29,ST01,SKU020,At-Risk,At-Risk
2026-10-30,ST01,SKU020,Imminent,At-Risk
2026-10-24,ST02,SKU020,At-Risk,At-Risk
2026-10-25,ST02,SKU020,Imminent,Imminent
2026-10-26,ST02,SKU020,Imminent,Imminent
2026-10-27,ST02,SKU020,Safe,Safe
2026-10-28,ST02,SKU020,Safe,Safe
2026-10-29,ST02,SKU020,Safe,Safe
2026-10-30,ST02,SKU020,Safe,Safe
2026-10-24,ST03,SKU020,Safe,Safe
2026-10-25,ST03,SKU020,At-Risk,At-Risk
2026-10-26,ST03,SKU020,At-Risk,At-Risk
2026-10-27,ST03,SKU020,At-Risk,At-Risk
2026-10-28,ST03,SKU020,Imminent,At-Risk
2026-10-29,ST03,SKU020,Imminent,At-Risk
2026-10-30,ST03,SKU020,Imminent,At-Risk
2026-10-24,ST04,SKU020,Safe,Safe
2026-10-25,ST04,SKU020,Safe,Safe
2026-10-26,ST04,SKU020,At-Risk,At-Risk
2026-10-27,ST04,SKU020,At-Risk,At-Risk
2026-10-28,ST04,SKU020,At-Risk,At-Risk
2026-10-29,ST04,SKU020,Imminent,At-Risk
2026-10-30,ST04,SKU020,At-Risk,At-Risk
2026-10-24,ST05,SKU020,Safe,Safe
2026-10-25,ST05,SKU020,Safe,Safe
2026-10-26,ST05,SKU020,Safe,Safe
2026-10-27,ST05,SKU020,At-Risk,At-Risk
2026-10-28,ST05,SKU020,At-Risk,At-Risk
2026-10-29,ST05,SKU020,At-Risk,At-Risk
2026-10-30,ST05,SKU020,At-Risk,At-Risk
2026-10-24,ST06,SKU020,Safe,Safe
2026-10-25,ST06,SKU020,Safe,Safe
2026-10-26,ST06,SKU020,At-Risk,At-Risk
2026-10-27,ST06,SKU020,At-Risk,At-Risk
2026-10-28,ST06,SKU020,At-Risk,At-Risk
2026-10-29,ST06,SKU020,At-Risk,At-Risk
2026-10-30,ST06,SKU020,At-Risk,At-Risk
2026-10-24,ST07,SKU020,Safe,Safe
2026-10-25,ST07,SKU020,At-Risk,At-Risk
2026-10-26,ST07,SKU020,At-Risk,At-Risk
2026-10-27,ST07,SKU020,At-Risk,At-Risk
2026-10-28,ST07,SKU020,Imminent,At-Risk
2026-10-29,ST07,SKU020,At-Risk,At-Risk
2026-10-30,ST07,SKU020,At-Risk,Imminent
2026-10-24,ST08,SKU020,Safe,Safe
2026-10-25,ST08,SKU020,At-Risk,At-Risk
2026-10-26,ST08,SKU020,At-Risk,At-Risk
2026-10-27,ST08,SKU020,At-Risk,At-Risk
2026-10-28,ST08,SKU020,At-Risk,At-Risk
2026-10-29,ST08,SKU020,Safe,Safe
2026-10-30,ST08,SKU020,Safe,Safe
2026-10-24,ST09,SKU020,Safe,Safe
2026-10-25,ST09,SKU020,At-Risk,At-Risk
2026-10-26,ST09,SKU020,Imminent,At-Risk
2026-10-27,ST09,SKU020,At-Risk,At-Risk
2026-10-28,ST09,SKU020,At-Risk,At-Risk
2026-10-29,ST09,SKU020,Safe,Safe
2026-10-30,ST09,SKU020,Safe,Safe
2026-10-24,ST10,SKU020,Safe,Safe
2026-10-25,ST10,SKU020,Safe,Safe
2026-10-26,ST10,SKU020,At-Risk,At-Risk
2026-10-27,ST10,SKU020,At-Risk,At-Risk
2026-10-28,ST10,SKU020,At-Risk,At-Risk
2026-10-29,ST10,SKU020,At-Risk,At-Risk
2026-10-30,ST10,SKU020,Imminent,At-Risk
2026-10-24,ST11,SKU020,Safe,Safe
2026-10-25,ST11,SKU020,Safe,Safe
2026-10-26,ST11,SKU020,At-Risk,At-Risk
2026-10-27,ST11,SKU020,At-Risk,At-Risk
2026-10-28,ST11,SKU020,At-Risk,At-Risk
2026-10-29,ST11,SKU020,At-Risk,At-Risk
2026-10-30,ST11,SKU020,At-Risk,At-Risk
2026-10-24,ST12,SKU020,Safe,Safe
2026-10-25,ST12,SKU020,Safe,Safe
2026-10-26,ST12,SKU020,At-Risk,At-Risk
2026-10-27,ST12,SKU020,At-Risk,At-Risk
2026-10-28,ST12,SKU020,At-Risk,At-Risk
2026-10-29,ST12,SKU020,At-Risk,At-Risk
2026-10-30,ST12,SKU020,At-Risk,At-Risk
2026-10-24,ST01,SKU021,Safe,Safe
2026-10-25,ST01,SKU021,Safe,Safe
2026-10-26,ST01,SKU021,Safe,Safe
2026-10-27,ST01,SKU021,Safe,Safe
2026-10-28,ST01,SKU021,Safe,Safe
2026-10-29,ST01,SKU021,Safe,Safe
2026-10-30,ST01,SKU021,Safe,Safe
2026-10-24,ST02,SKU021,Safe,Safe
2026-10-25,ST02,SKU021,Safe,Safe
2026-10-26,ST02,SKU021,Safe,Safe
2026-10-27,ST02,SKU021,At-Risk,At-Risk
2026-10-28,ST02,SKU021,At-Risk,At-Risk
2026-10-29,ST02,SKU021,At-Risk,At-Risk
2026-10-30,ST02,SKU021,At-Risk,At-Risk
2026-10-24,ST03,SKU021,Safe,Safe
2026-10-25,ST03,SKU021,Safe,Safe
2026-10-26,ST03,SKU021,At-Risk,At-Risk
2026-10-27,ST03,SKU021,At-Risk,At-Risk
2026-10-28,ST03,SKU021,At-Risk,At-Risk
2026-10-29,ST03,SKU021,At-Risk,At-Risk
2026-10-30,ST03,SKU021,Safe,Safe
2026-10-24,ST04,SKU021,Safe,Safe
2026-10-25,ST04,SKU021,Safe,Safe
2026-10-26,ST04,SKU021,Safe,Safe
2026-10-27,ST04,SKU021,Safe,Safe
2026-10-28,ST04,SKU021,Safe,Safe
2026-10-29,ST04,SKU021,At-Risk,At-Risk
2026-10-30,ST04,SKU021,At-Risk,At-Risk
2026-10-24,ST05,SKU021,Safe,Safe
2026-10-25,ST05,SKU021,Safe,Safe
2026-10-26,ST05,SKU021,At-Risk,At-Risk
2026-10-27,ST05,SKU021,At-Risk,At-Risk
2026-10-28,ST05,SKU021,At-Risk,At-Risk
2026-10-29,ST05,SKU021,At-Risk,At-Risk
2026-10-30,ST05,SKU021,At-Risk,At-Risk
2026-10-24,ST06,SKU021,Safe,Safe
2026-10-25,ST06,SKU021,Safe,Safe
2026-10-26,ST06,SKU021,Safe,Safe
2026-10-27,ST06,SKU021,At-Risk,At-Risk
2026-10-28,ST06,SKU021,At-Risk,At-Risk
2026-10-29,ST06,SKU021,At-Risk,At-Risk
2026-10-30,ST06,SKU021,At-Risk,At-Risk
2026-10-24,ST07,SKU021,Safe,Safe
2026-10-25,ST07,SKU021,Safe,Safe
2026-10-26,ST07,SKU021,Safe,Safe
2026-10-27,ST07,SKU021,Safe,Safe
2026-10-28,ST07,SKU021,At-Risk,At-Risk
2026-10-29,ST07,SKU021,At-Risk,At-Risk
2026-10-30,ST07,SKU021,At-Risk,At-Risk
2026-10-24,ST08,SKU021,Safe,Safe
2026-10-25,ST08,SKU021,At-Risk,At-Risk
2026-10-26,ST08,SKU021,At-Risk,At-Risk
2026-10-27,ST08,SKU021,At-Risk,At-Risk
2026-10-28,ST08,SKU021,Safe,Safe
2026-10-29,ST08,SKU021,Safe,Safe
2026-10-30,ST08,SKU021,Safe,Safe
2026-10-24,ST09,SKU021,Imminent,Imminent
2026-10-25,ST09,SKU021,Imminent,Imminent
2026-10-26,ST09,SKU021,Safe,Safe
2026-10-27,ST09,SKU021,Safe,Safe
2026-10-28,ST09,SKU021,Safe,Safe
2026-10-29,ST09,SKU021,Safe,Safe
2026-10-30,ST09,SKU021,Safe,Safe
2026-10-24,ST10,SKU021,Safe,Safe
2026-10-25,ST10,SKU021,At-Risk,At-Risk
2026-10-26,ST10,SKU021,Imminent,At-Risk
2026-10-27,ST10,SKU021,Imminent,Imminent
2026-10-28,ST10,SKU021,Safe,Safe
2026-10-29,ST10,SKU021,Safe,Safe
2026-10-30,ST10,SKU021,Safe,Safe
2026-10-24,ST11,SKU021,Safe,Safe
2026-10-25,ST11,SKU021,Safe,Safe
2026-10-26,ST11,SKU021,At-Risk,At-Risk
2026-10-27,ST11,SKU021,At-Risk,At-Risk
2026-10-28,ST11,SKU021,At-Risk,At-Risk
2026-10-29,ST11,SKU021,At-Risk,At-Risk
2026-10-30,ST11,SKU021,At-Risk,At-Risk
2026-10-24,ST12,SKU021,Safe,Safe
2026-10-25,ST12,SKU021,Safe,Safe
2026-10-26,ST12,SKU021,Safe,Safe
2026-10-27,ST12,SKU021,Safe,Safe
2026-10-28,ST12,SKU021,Safe,Safe
2026-10-29,ST12,SKU021,At-Risk,At-Risk
2026-10-30,ST12,SKU021,At-Risk,At-Risk
2026-10-24,ST01,SKU022,Safe,Safe
2026-10-25,ST01,SKU022,At-Risk,At-Risk
2026-10-26,ST01,SKU022,At-Risk,At-Risk
2026-10-27,ST01,SKU022,At-Risk,At-Risk
2026-10-28,ST01,SKU022,At-Risk,At-Risk
2026-10-29,ST01,SKU022,At-Risk,At-Risk
2026-10-30,ST01,SKU022,At-Risk,At-Risk
2026-10-24,ST02,SKU022,Safe,Safe
2026-10-25,ST02,SKU022,At-Risk,At-Risk
2026-10-26,ST02,SKU022,Imminent,At-Risk
2026-10-27,ST02,SKU022,Imminent,Imminent
2026-10-28,ST02,SKU022,At-Risk,At-Risk
2026-10-29,ST02,SKU022,Safe,Safe
2026-10-30,ST02,SKU022,Safe,Safe
2026-10-24,ST03,SKU022,Imminent,Imminent
2026-10-25,ST03,SKU022,Safe,Safe
2026-10-26,ST03,SKU022,Safe,Safe
2026-10-27,ST03,SKU022,Safe,Safe
2026-10-28,ST03,SKU022,Safe,Safe
2026-10-29,ST03,SKU022,Safe,Safe
2026-10-30,ST03,SKU022,Safe,Safe
2026-10-24,ST04,SKU022,Imminent,Imminent
2026-10-25,ST04,SKU022,Safe,Safe
2026-10-26,ST04,SKU022,Safe,Safe
2026-10-27,ST04,SKU022,Safe,Safe
2026-10-28,ST04,SKU022,Safe,Safe
2026-10-29,ST04,SKU022,At-Risk,At-Risk
2026-10-30,ST04,SKU022,At-Risk,At-Risk
2026-10-24,ST05,SKU022,Safe,Safe
2026-10-25,ST05,SKU022,At-Risk,At-Risk
2026-10-26,ST05,SKU022,At-Risk,At-Risk
2026-10-27,ST05,SKU022,Imminent,At-Risk
2026-10-28,ST05,SKU022,Imminent,At-Risk
2026-10-29,ST05,SKU022,At-Risk,At-Risk
2026-10-30,ST05,SKU022,Safe,Safe
2026-10-24,ST06,SKU022,Imminent,Imminent
2026-10-25,ST06,SKU022,Imminent,Imminent
2026-10-26,ST06,SKU022,Safe,Safe
2026-10-27,ST06,SKU022,Safe,Safe
2026-10-28,ST06,SKU022,Safe,Safe
2026-10-29,ST06,SKU022,Safe,Safe
2026-10-30,ST06,SKU022,Safe,Safe
2026-10-24,ST07,SKU022,Imminent,At-Risk
2026-10-25,ST07,SKU022,Imminent,Imminent
2026-10-26,ST07,SKU022,Safe,Safe
2026-10-27,ST07,SKU022,Safe,Safe
2026-10-28,ST07,SKU022,Safe,Safe
2026-10-29,ST07,SKU022,Safe,Safe
2026-10-30,ST07,SKU022,Safe,Safe
2026-10-24,ST08,SKU022,Imminent,Imminent
2026-10-25,ST08,SKU022,Imminent,Imminent
2026-10-26,ST08,SKU022,Safe,Safe
2026-10-27,ST08,SKU022,Safe,Safe
2026-10-28,ST08,SKU022,Safe,Safe
2026-10-29,ST08,SKU022,Safe,Safe
2026-10-30,ST08,SKU022,Safe,Safe
2026-10-24,ST09,SKU022,Imminent,Imminent
2026-10-25,ST09,SKU022,Safe,Safe
2026-10-26,ST09,SKU022,Safe,Safe
2026-10-27,ST09,SKU022,Safe,Safe
2026-10-28,ST09,SKU022,Safe,Safe
2026-10-29,ST09,SKU022,Safe,Safe
2026-10-30,ST09,SKU022,Safe,Safe
2026-10-24,ST10,SKU022,Safe,Safe
2026-10-25,ST10,SKU022,At-Risk,At-Risk
2026-10-26,ST10,SKU022,At-Risk,At-Risk
2026-10-27,ST10,SKU022,At-Risk,At-Risk
2026-10-28,ST10,SKU022,Imminent,At-Risk
2026-10-29,ST10,SKU022,At-Risk,At-Risk
2026-10-30,ST10,SKU022,At-Risk,At-Risk
2026-10-24,ST11,SKU022,At-Risk,At-Risk
2026-10-25,ST11,SKU022,Safe,Safe
2026-10-26,ST11,SKU022,Safe,Safe
2026-10-27,ST11,SKU022,Safe,Safe
2026-10-28,ST11,SKU022,Safe,Safe
2026-10-29,ST11,SKU022,Safe,Safe
2026-10-30,ST11,SKU022,Safe,Safe
2026-10-24,ST12,SKU022,Safe,Safe
2026-10-25,ST12,SKU022,Safe,Safe
2026-10-26,ST12,SKU022,At-Risk,At-Risk
2026-10-27,ST12,SKU022,At-Risk,At-Risk
2026-10-28,ST12,SKU022,At-Risk,At-Risk
2026-10-29,ST12,SKU022,At-Risk,At-Risk
2026-10-30,ST12,SKU022,Imminent,At-Risk
2026-10-24,ST01,SKU023,Imminent,At-Risk
2026-10-25,ST01,SKU023,Imminent,Imminent
2026-10-26,ST01,SKU023,Imminent,Imminent
2026-10-27,ST01,SKU023,Imminent,Imminent
2026-10-28,ST01,SKU023,Imminent,Imminent
2026-10-29,ST01,SKU023,Safe,Safe
2026-10-30,ST01,SKU023,Safe,Safe
2026-10-24,ST02,SKU023,At-Risk,At-Risk
2026-10-25,ST02,SKU023,Imminent,Imminent
2026-10-26,ST02,SKU023,Imminent,Imminent
2026-10-27,ST02,SKU023,Imminent,Imminent
2026-10-28,ST02,SKU023,Imminent,Imminent
2026-10-29,ST02,SKU023,Imminent,Imminent
2026-10-30,ST02,SKU023,Imminent,Imminent
2026-10-24,ST03,SKU023,At-Risk,At-Risk
2026-10-25,ST03,SKU023,Imminent,Imminent
2026-10-26,ST03,SKU023,Imminent,Imminent
2026-10-27,ST03,SKU023,Imminent,Imminent
2026-10-28,ST03,SKU023,Imminent,Imminent
2026-10-29,ST03,SKU023,Imminent,Imminent
2026-10-30,ST03,SKU023,Imminent,Imminent
2026-10-24,ST04,SKU023,At-Risk,At-Risk
2026-10-25,ST04,SKU023,Imminent,Imminent
2026-10-26,ST04,SKU023,Imminent,At-Risk
2026-10-27,ST04,SKU023,Imminent,Imminent
2026-10-28,ST04,SKU023,Imminent,Imminent
2026-10-29,ST04,SKU023,Imminent,Imminent
2026-10-30,ST04,SKU023,Imminent,Imminent
2026-10-24,ST05,SKU023,Safe,Safe
2026-10-25,ST05,SKU023,At-Risk,At-Risk
2026-10-26,ST05,SKU023,Imminent,Imminent
2026-10-27,ST05,SKU023,Imminent,Imminent
2026-10-28,ST05,SKU023,Imminent,Imminent
2026-10-29,ST05,SKU023,Imminent,Imminent
2026-10-30,ST05,SKU023,At-Risk,Imminent
2026-10-24,ST06,SKU023,Safe,Safe
2026-10-25,ST06,SKU023,At-Risk,At-Risk
2026-10-26,ST06,SKU023,Imminent,Imminent
2026-10-27,ST06,SKU023,Imminent,Imminent
2026-10-28,ST06,SKU023,Imminent,Imminent
2026-10-29,ST06,SKU023,Imminent,At-Risk
2026-10-30,ST06,SKU023,Imminent,Imminent
2026-10-24,ST07,SKU023,Imminent,Imminent
2026-10-25,ST07,SKU023,Imminent,Imminent
2026-10-26,ST07,SKU023,Imminent,Imminent
2026-10-27,ST07,SKU023,Safe,Safe
2026-10-28,ST07,SKU023,Safe,Safe
2026-10-29,ST07,SKU023,Safe,Safe
2026-10-30,ST07,SKU023,Safe,Safe
2026-10-24,ST08,SKU023,Imminent,Imminent
2026-10-25,ST08,SKU023,Imminent,Imminent
2026-10-26,ST08,SKU023,Imminent,Imminent
2026-10-27,ST08,SKU023,Safe,Safe
2026-10-28,ST08,SKU023,Safe,Safe
2026-10-29,ST08,SKU023,Safe,Safe
2026-10-30,ST08,SKU023,Safe,Safe
2026-10-24,ST09,SKU023,Imminent,Imminent
2026-10-25,ST09,SKU023,Imminent,Imminent
2026-10-26,ST09,SKU023,Imminent,Imminent
2026-10-27,ST09,SKU023,Imminent,Imminent
2026-10-28,ST09,SKU023,Imminent,Imminent
2026-10-29,ST09,SKU023,Imminent,Imminent
2026-10-30,ST09,SKU023,Safe,Safe
2026-10-24,ST10,SKU023,Imminent,Imminent
2026-10-25,ST10,SKU023,Imminent,Imminent
2026-10-26,ST10,SKU023,Safe,Safe
2026-10-27,ST10,SKU023,Safe,Safe
2026-10-28,ST10,SKU023,Safe,Safe
2026-10-29,ST10,SKU023,Safe,Safe
2026-10-30,ST10,SKU023,At-Risk,At-Risk
2026-10-24,ST11,SKU023,Safe,Safe
2026-10-25,ST11,SKU023,At-Risk,At-Risk
2026-10-26,ST11,SKU023,At-Risk,At-Risk
2026-10-27,ST11,SKU023,Imminent,Imminent
2026-10-28,ST11,SKU023,At-Risk,At-Risk
2026-10-29,ST11,SKU023,Imminent,Imminent
2026-10-30,ST11,SKU023,Imminent,Imminent
2026-10-24,ST12,SKU023,Imminent,Imminent
2026-10-25,ST12,SKU023,Imminent,Imminent
2026-10-26,ST12,SKU023,Imminent,Imminent
2026-10-27,ST12,SKU023,Imminent,Imminent
2026-10-28,ST12,SKU023,Safe,Safe
2026-10-29,ST12,SKU023,Safe,Safe
2026-10-30,ST12,SKU023,Safe,Safe
2026-10-24,ST01,SKU024,Safe,Safe
2026-10-25,ST01,SKU024,Safe,Safe
2026-10-26,ST01,SKU024,At-Risk,At-Risk
2026-10-27,ST01,SKU024,At-Risk,At-Risk
2026-10-28,ST01,SKU024,At-Risk,At-Risk
2026-10-29,ST01,SKU024,At-Risk,At-Risk
2026-10-30,ST01,SKU024,At-Risk,At-Risk
2026-10-24,ST02,SKU024,Safe,Safe
2026-10-25,ST02,SKU024,Safe,Safe
2026-10-26,ST02,SKU024,Safe,Safe
2026-10-27,ST02,SKU024,Safe,Safe
2026-10-28,ST02,SKU024,At-Risk,At-Risk
2026-10-29,ST02,SKU024,At-Risk,At-Risk
2026-10-30,ST02,SKU024,At-Risk,At-Risk
2026-10-24,ST03,SKU024,Imminent,At-Risk
2026-10-25,ST03,SKU024,Imminent,Imminent
2026-10-26,ST03,SKU024,Safe,Safe
2026-10-27,ST03,SKU024,Safe,Safe
2026-10-28,ST03,SKU024,Safe,Safe
2026-10-29,ST03,SKU024,Safe,Safe
2026-10-30,ST03,SKU024,Safe,Safe
2026-10-24,ST04,SKU024,Safe,Safe
2026-10-25,ST04,SKU024,Safe,Safe
2026-10-26,ST04,SKU024,At-Risk,At-Risk
2026-10-27,ST04,SKU024,At-Risk,At-Risk
2026-10-28,ST04,SKU024,At-Risk,At-Risk
2026-10-29,ST04,SKU024,At-Risk,At-Risk
2026-10-30,ST04,SKU024,At-Risk,At-Risk
2026-10-24,ST05,SKU024,Safe,Safe
2026-10-25,ST05,SKU024,At-Risk,At-Risk
2026-10-26,ST05,SKU024,Imminent,At-Risk
2026-10-27,ST05,SKU024,Imminent,At-Risk
2026-10-28,ST05,SKU024,At-Risk,At-Risk
2026-10-29,ST05,SKU024,Safe,Safe
2026-10-30,ST05,SKU024,Safe,Safe
2026-10-24,ST06,SKU024,At-Risk,At-Risk
2026-10-25,ST06,SKU024,Imminent,At-Risk
2026-10-26,ST06,SKU024,Imminent,At-Risk
2026-10-27,ST06,SKU024,At-Risk,At-Risk
2026-10-28,ST06,SKU024,Safe,Safe
2026-10-29,ST06,SKU024,Safe,Safe
2026-10-30,ST06,SKU024,Safe,Safe
2026-10-24,ST07,SKU024,At-Risk,At-Risk
2026-10-25,ST07,SKU024,Imminent,At-Risk
2026-10-26,ST07,SKU024,Imminent,Imminent
2026-10-27,ST07,SKU024,Safe,Safe
2026-10-28,ST07,SKU024,Safe,Safe
2026-10-29,ST07,SKU024,Safe,Safe
2026-10-30,ST07,SKU024,Safe,Safe
2026-10-24,ST08,SKU024,Safe,Safe
2026-10-25,ST08,SKU024,At-Risk,At-Risk
2026-10-26,ST08,SKU024,Imminent,At-Risk
2026-10-27,ST08,SKU024,Imminent,At-Risk
2026-10-28,ST08,SKU024,Imminent,Imminent
2026-10-29,ST08,SKU024,Safe,Safe
2026-10-30,ST08,SKU024,Safe,Safe
2026-10-24,ST09,SKU024,Safe,Safe
2026-10-25,ST09,SKU024,Safe,Safe
2026-10-26,ST09,SKU024,At-Risk,At-Risk
2026-10-27,ST09,SKU024,At-Risk,At-Risk
2026-10-28,ST09,SKU024,At-Risk,At-Risk
2026-10-29,ST09,SKU024,At-Risk,At-Risk
2026-10-30,ST09,SKU024,At-Risk,At-Risk
2026-10-24,ST10,SKU024,Imminent,Imminent
2026-10-25,ST10,SKU024,Safe,Safe
2026-10-26,ST10,SKU024,Safe,Safe
2026-10-27,ST10,SKU024,Safe,Safe
2026-10-28,ST10,SKU024,Safe,Safe
2026-10-29,ST10,SKU024,Safe,Safe
2026-10-30,ST10,SKU024,Safe,Safe
2026-10-24,ST11,SKU024,Safe,Safe
2026-10-25,ST11,SKU024,Safe,Safe
2026-10-26,ST11,SKU024,At-Risk,At-Risk
2026-10-27,ST11,SKU024,At-Risk,At-Risk
2026-10-28,ST11,SKU024,At-Risk,At-Risk
2026-10-29,ST11,SKU024,Imminent,At-Risk
2026-10-30,ST11,SKU024,Imminent,At-Risk
2026-10-24,ST12,SKU024,Safe,Safe
2026-10-25,ST12,SKU024,At-Risk,At-Risk
2026-10-26,ST12,SKU024,At-Risk,At-Risk
2026-10-27,ST12,SKU024,At-Risk,At-Risk
2026-10-28,ST12,SKU024,Imminent,At-Risk
2026-10-29,ST12,SKU024,At-Risk,At-Risk
2026-10-30,ST12,SKU024,At-Risk,At-Risk
2026-10-24,ST01,SKU025,Safe,Safe
2026-10-25,ST01,SKU025,Safe,Safe
2026-10-26,ST01,SKU025,Safe,Safe
2026-10-27,ST01,SKU025,Safe,Safe
2026-10-28,ST01,SKU025,At-Risk,At-Risk
2026-10-29,ST01,SKU025,At-Risk,At-Risk
2026-10-30,ST01,SKU025,At-Risk,At-Risk
2026-10-24,ST02,SKU025,At-Risk,At-Risk
2026-10-25,ST02,SKU025,Safe,Safe
2026-10-26,ST02,SKU025,Safe,Safe
2026-10-27,ST02,SKU025,Safe,Safe
2026-10-28,ST02,SKU025,Safe,Safe
2026-10-29,ST02,SKU025,Safe,Safe
2026-10-30,ST02,SKU025,At-Risk,At-Risk
2026-10-24,ST03,SKU025,Safe,Safe
2026-10-25,ST03,SKU025,Safe,Safe
2026-10-26,ST03,SKU025,Safe,Safe
2026-10-27,ST03,SKU025,Safe,Safe
2026-10-28,ST03,SKU025,Safe,Safe
2026-10-29,ST03,SKU025,Safe,Safe
2026-10-30,ST03,SKU025,At-Risk,At-Risk
2026-10-24,ST04,SKU025,Safe,Safe
2026-10-25,ST04,SKU025,At-Risk,At-Risk
2026-10-26,ST04,SKU025,Imminent,At-Risk
2026-10-27,ST04,SKU025,At-Risk,At-Risk
2026-10-28,ST04,SKU025,Safe,Safe
2026-10-29,ST04,SKU025,Safe,Safe
2026-10-30,ST04,SKU025,Safe,Safe
2026-10-24,ST05,SKU025,Safe,Safe
2026-10-25,ST05,SKU025,At-Risk,At-Risk
2026-10-26,ST05,SKU025,At-Risk,At-Risk
2026-10-27,ST05,SKU025,At-Risk,At-Risk
2026-10-28,ST05,SKU025,At-Risk,At-Risk
2026-10-29,ST05,SKU025,At-Risk,At-Risk
2026-10-30,ST05,SKU025,Safe,Safe
2026-10-24,ST06,SKU025,Safe,Safe
2026-10-25,ST06,SKU025,Safe,Safe
2026-10-26,ST06,SKU025,Safe,Safe
2026-10-27,ST06,SKU025,Safe,Safe
2026-10-28,ST06,SKU025,Safe,Safe
2026-10-29,ST06,SKU025,At-Risk,At-Risk
2026-10-30,ST06,SKU025,At-Risk,At-Risk
2026-10-24,ST07,SKU025,Safe,Safe
2026-10-25,ST07,SKU025,Safe,Safe
2026-10-26,ST07,SKU025,At-Risk,At-Risk
2026-10-27,ST07,SKU025,At-Risk,At-Risk
2026-10-28,ST07,SKU025,At-Risk,At-Risk
2026-10-29,ST07,SKU025,At-Risk,At-Risk
2026-10-30,ST07,SKU025,At-Risk,At-Risk
2026-10-24,ST08,SKU025,Safe,Safe
2026-10-25,ST08,SKU025,Safe,Safe
2026-10-26,ST08,SKU025,Safe,Safe
2026-10-27,ST08,SKU025,Safe,Safe
2026-10-28,ST08,SKU025,Safe,Safe
2026-10-29,ST08,SKU025,Safe,Safe
2026-10-30,ST08,SKU025,Safe,Safe
2026-10-24,ST09,SKU025,Safe,Safe
2026-10-25,ST09,SKU025,Imminent,Imminent
2026-10-26,ST09,SKU025,Safe,Safe
2026-10-27,ST09,SKU025,Safe,Safe
2026-10-28,ST09,SKU025,Safe,Safe
2026-10-29,ST09,SKU025,Safe,Safe
2026-10-30,ST09,SKU025,Safe,Safe
2026-10-24,ST10,SKU025,Safe,Safe
2026-10-25,ST10,SKU025,Safe,Safe
2026-10-26,ST10,SKU025,Safe,Safe
2026-10-27,ST10,SKU025,Safe,Safe
2026-10-28,ST10,SKU025,Safe,Safe
2026-10-29,ST10,SKU025,Safe,Safe
2026-10-30,ST10,SKU025,Safe,Safe
2026-10-24,ST11,SKU025,Safe,Safe
2026-10-25,ST11,SKU025,Safe,Safe
2026-10-26,ST11,SKU025,Safe,Safe
2026-10-27,ST11,SKU025,Safe,Safe
2026-10-28,ST11,SKU025,Safe,Safe
2026-10-29,ST11,SKU025,Safe,Safe
2026-10-30,ST11,SKU025,Safe,Safe
2026-10-24,ST12,SKU025,Safe,Safe
2026-10-25,ST12,SKU025,Safe,Safe
2026-10-26,ST12,SKU025,Safe,Safe
2026-10-27,ST12,SKU025,Safe,Safe
2026-10-28,ST12,SKU025,Safe,Safe
2026-10-29,ST12,SKU025,Safe,Safe
2026-10-30,ST12,SKU025,Safe,Safe
2026-10-24,ST01,SKU026,Imminent,Imminent
2026-10-25,ST01,SKU026,Imminent,Imminent
2026-10-26,ST01,SKU026,Safe,Safe
2026-10-27,ST01,SKU026,Safe,Safe
2026-10-28,ST01,SKU026,Safe,Safe
2026-10-29,ST01,SKU026,Safe,Safe
2026-10-30,ST01,SKU026,Safe,Safe
2026-10-24,ST02,SKU026,Imminent,At-Risk
2026-10-25,ST02,SKU026,Imminent,Imminent
2026-10-26,ST02,SKU026,Imminent,Imminent
2026-10-27,ST02,SKU026,Imminent,Imminent
2026-10-28,ST02,SKU026,Safe,Safe
2026-10-29,ST02,SKU026,Safe,Safe
2026-10-30,ST02,SKU026,Safe,Safe
2026-10-24,ST03,SKU026,Safe,Safe
2026-10-25,ST03,SKU026,Safe,Safe
2026-10-26,ST03,SKU026,Safe,Safe
2026-10-27,ST03,SKU026,At-Risk,At-Risk
2026-10-28,ST03,SKU026,At-Risk,At-Risk
2026-10-29,ST03,SKU026,Imminent,Imminent
2026-10-30,ST03,SKU026,Imminent,Imminent
2026-10-24,ST04,SKU026,Safe,Safe
2026-10-25,ST04,SKU026,Safe,Safe
2026-10-26,ST04,SKU026,At-Risk,At-Risk
2026-10-27,ST04,SKU026,At-Risk,At-Risk
2026-10-28,ST04,SKU026,Imminent,Imminent
2026-10-29,ST04,SKU026,At-Risk,Imminent
2026-10-30,ST04,SKU026,Safe,Safe
2026-10-24,ST05,SKU026,Safe,Safe
2026-10-25,ST05,SKU026,Safe,Safe
2026-10-26,ST05,SKU026,Safe,Safe
2026-10-27,ST05,SKU026,Safe,Safe
2026-10-28,ST05,SKU026,Safe,Safe
2026-10-29,ST05,SKU026,Safe,Safe
2026-10-30,ST05,SKU026,Safe,Safe
2026-10-24,ST06,SKU026,Safe,Safe
2026-10-25,ST06,SKU026,Safe,Safe
2026-10-26,ST06,SKU026,At-Risk,At-Risk
2026-10-27,ST06,SKU026,At-Risk,At-Risk
2026-10-28,ST06,SKU026,Imminent,Imminent
2026-10-29,ST06,SKU026,Imminent,Imminent
2026-10-30,ST06,SKU026,Imminent,Imminent
2026-10-24,ST07,SKU026,Safe,Safe
2026-10-25,ST07,SKU026,Safe,Safe
2026-10-26,ST07,SKU026,At-Risk,At-Risk
2026-10-27,ST07,SKU026,At-Risk,At-Risk
2026-10-28,ST07,SKU026,At-Risk,At-Risk
2026-10-29,ST07,SKU026,Imminent,Imminent
2026-10-30,ST07,SKU026,Imminent,Imminent
2026-10-24,ST08,SKU026,Safe,Safe
2026-10-25,ST08,SKU026,At-Risk,At-Risk
2026-10-26,ST08,SKU026,At-Risk,At-Risk
2026-10-27,ST08,SKU026,Imminent,Imminent
2026-10-28,ST08,SKU026,Imminent,Imminent
2026-10-29,ST08,SKU026,Safe,Safe
2026-10-30,ST08,SKU026,Safe,Safe
2026-10-24,ST09,SKU026,Safe,Safe
2026-10-25,ST09,SKU026,At-Risk,Imminent
2026-10-26,ST09,SKU026,Safe,Safe
2026-10-27,ST09,SKU026,Safe,Safe
2026-10-28,ST09,SKU026,Safe,Safe
2026-10-29,ST09,SKU026,Safe,Safe
2026-10-30,ST09,SKU026,Safe,Safe
2026-10-24,ST10,SKU026,Safe,Safe
2026-10-25,ST10,SKU026,Safe,Safe
2026-10-26,ST10,SKU026,Safe,Safe
2026-10-27,ST10,SKU026,Safe,Safe
2026-10-28,ST10,SKU026,Safe,Safe
2026-10-29,ST10,SKU026,At-Risk,At-Risk
2026-10-30,ST10,SKU026,At-Risk,At-Risk
2026-10-24,ST11,SKU026,Safe,Safe
2026-10-25,ST11,SKU026,Imminent,Imminent
2026-10-26,ST11,SKU026,Imminent,Imminent
2026-10-27,ST11,SKU026,Safe,Safe
2026-10-28,ST11,SKU026,Safe,Safe
2026-10-29,ST11,SKU026,Safe,Safe
2026-10-30,ST11,SKU026,Safe,Safe
2026-10-24,ST12,SKU026,Safe,Safe
2026-10-25,ST12,SKU026,Safe,Safe
2026-10-26,ST12,SKU026,Safe,Safe
2026-10-27,ST12,SKU026,Safe,Safe
2026-10-28,ST12,SKU026,Safe,Safe
2026-10-29,ST12,SKU026,At-Risk,At-Risk
2026-10-30,ST12,SKU026,At-Risk,At-Risk
2026-10-24,ST01,SKU027,Safe,Safe
2026-10-25,ST01,SKU027,Safe,Safe
2026-10-26,ST01,SKU027,Safe,Safe
2026-10-27,ST01,SKU027,Safe,Safe
2026-10-28,ST01,SKU027,Safe,Safe
2026-10-29,ST01,SKU027,At-Risk,At-Risk
2026-10-30,ST01,SKU027,At-Risk,At-Risk
2026-10-24,ST02,SKU027,Safe,Safe
2026-10-25,ST02,SKU027,Safe,Safe
2026-10-26,ST02,SKU027,At-Risk,At-Risk
2026-10-27,ST02,SKU027,At-Risk,At-Risk
2026-10-28,ST02,SKU027,At-Risk,At-Risk
2026-10-29,ST02,SKU027,At-Risk,At-Risk
2026-10-30,ST02,SKU027,Imminent,At-Risk
2026-10-24,ST03,SKU027,Safe,Safe
2026-10-25,ST03,SKU027,Safe,Safe
2026-10-26,ST03,SKU027,At-Risk,At-Risk
2026-10-27,ST03,SKU027,At-Risk,At-Risk
2026-10-28,ST03,SKU027,At-Risk,Imminent
2026-10-29,ST03,SKU027,Safe,Safe
2026-10-30,ST03,SKU027,Safe,Safe
2026-10-24,ST04,SKU027,Safe,Safe
2026-10-25,ST04,SKU027,Safe,Safe
2026-10-26,ST04,SKU027,At-Risk,At-Risk
2026-10-27,ST04,SKU027,At-Risk,Imminent
2026-10-28,ST04,SKU027,Safe,Safe
2026-10-29,ST04,SKU027,Safe,Safe
2026-10-30,ST04,SKU027,Safe,Safe
2026-10-24,ST05,SKU027,Imminent,Imminent
2026-10-25,ST05,SKU027,Safe,Safe
2026-10-26,ST05,SKU027,Safe,Safe
2026-10-27,ST05,SKU027,Safe,Safe
2026-10-28,ST05,SKU027,Safe,Safe
2026-10-29,ST05,SKU027,Safe,Safe
2026-10-30,ST05,SKU027,Safe,Safe
2026-10-24,ST06,SKU027,At-Risk,At-Risk
2026-10-25,ST06,SKU027,Safe,Safe
2026-10-26,ST06,SKU027,Safe,Safe
2026-10-27,ST06,SKU027,Safe,Safe
2026-10-28,ST06,SKU027,Safe,Safe
2026-10-29,ST06,SKU027,Safe,Safe
2026-10-30,ST06,SKU027,Safe,Safe
2026-10-24,ST07,SKU027,Imminent,Imminent
2026-10-25,ST07,SKU027,Imminent,Imminent
2026-10-26,ST07,SKU027,Imminent,Imminent
2026-10-27,ST07,SKU027,Safe,Safe
2026-10-28,ST07,SKU027,Safe,Safe
2026-10-29,ST07,SKU027,Safe,Safe
2026-10-30,ST07,SKU027,Safe,Safe
2026-10-24,ST08,SKU027,Safe,Safe
2026-10-25,ST08,SKU027,Safe,Safe
2026-10-26,ST08,SKU027,Safe,Safe
2026-10-27,ST08,SKU027,Safe,Safe
2026-10-28,ST08,SKU027,Safe,Safe
2026-10-29,ST08,SKU027,Safe,Safe
2026-10-30,ST08,SKU027,At-Risk,At-Risk
2026-10-24,ST09,SKU027,At-Risk,Imminent
2026-10-25,ST09,SKU027,Safe,Safe
2026-10-26,ST09,SKU027,Safe,Safe
2026-10-27,ST09,SKU027,Safe,Safe
2026-10-28,ST09,SKU027,Safe,Safe
2026-10-29,ST09,SKU027,Safe,Safe
2026-10-30,ST09,SKU027,Safe,Safe
2026-10-24,ST10,SKU027,Imminent,Imminent
2026-10-25,ST10,SKU027,Imminent,Imminent
2026-10-26,ST10,SKU027,Safe,Safe
2026-10-27,ST10,SKU027,Safe,Safe
2026-10-28,ST10,SKU027,Safe,Safe
2026-10-29,ST10,SKU027,Safe,Safe
2026-10-30,ST10,SKU027,Safe,Safe
2026-10-24,ST11,SKU027,At-Risk,At-Risk
2026-10-25,ST11,SKU027,Imminent,Imminent
2026-10-26,ST11,SKU027,Imminent,Imminent
2026-10-27,ST11,SKU027,Imminent,Imminent
2026-10-28,ST11,SKU027,Imminent,Imminent
2026-10-29,ST11,SKU027,Safe,Safe
2026-10-30,ST11,SKU027,Safe,Safe
2026-10-24,ST12,SKU027,Safe,Safe
2026-10-25,ST12,SKU027,Safe,Safe
2026-10-26,ST12,SKU027,Safe,Safe
2026-10-27,ST12,SKU027,Safe,Safe
2026-10-28,ST12,SKU027,Safe,Safe
2026-10-29,ST12,SKU027,Safe,Safe
2026-10-30,ST12,SKU027,Safe,Safe
2026-10-24,ST01,SKU028,Imminent,Imminent
2026-10-25,ST01,SKU028,Safe,Safe
2026-10-26,ST01,SKU028,Safe,Safe
2026-10-27,ST01,SKU028,Safe,Safe
2026-10-28,ST01,SKU028,Safe,Safe
2026-10-29,ST01,SKU028,Safe,Safe
2026-10-30,ST01,SKU028,Safe,Safe
2026-10-24,ST02,SKU028,Safe,Safe
2026-10-25,ST02,SKU028,Safe,Safe
2026-10-26,ST02,SKU028,At-Risk,At-Risk
2026-10-27,ST02,SKU028,At-Risk,At-Risk
2026-10-28,ST02,SKU028,At-Risk,At-Risk
2026-10-29,ST02,SKU028,At-Risk,Imminent
2026-10-30,ST02,SKU028,Safe,Safe
2026-10-24,ST03,SKU028,Safe,Safe
2026-10-25,ST03,SKU028,Safe,Safe
2026-10-26,ST03,SKU028,Safe,Safe
2026-10-27,ST03,SKU028,Safe,Safe
2026-10-28,ST03,SKU028,At-Risk,At-Risk
2026-10-29,ST03,SKU028,At-Risk,At-Risk
2026-10-30,ST03,SKU028,At-Risk,At-Risk
2026-10-24,ST04,SKU028,Safe,Safe
2026-10-25,ST04,SKU028,Safe,Safe
2026-10-26,ST04,SKU028,At-Risk,At-Risk
2026-10-27,ST04,SKU028,At-Risk,At-Risk
2026-10-28,ST04,SKU028,At-Risk,At-Risk
2026-10-29,ST04,SKU028,At-Risk,At-Risk
2026-10-30,ST04,SKU028,Imminent,At-Risk
2026-10-24,ST05,SKU028,Safe,Safe
2026-10-25,ST05,SKU028,Safe,Safe
2026-10-26,ST05,SKU028,Safe,Safe
2026-10-27,ST05,SKU028,Safe,Safe
2026-10-28,ST05,SKU028,At-Risk,At-Risk
2026-10-29,ST05,SKU028,At-Risk,At-Risk
2026-10-30,ST05,SKU028,At-Risk,At-Risk
2026-10-24,ST06,SKU028,Safe,Safe
2026-10-25,ST06,SKU028,Safe,Safe
2026-10-26,ST06,SKU028,Safe,Safe
2026-10-27,ST06,SKU028,Safe,Safe
2026-10-28,ST06,SKU028,Safe,Safe
2026-10-29,ST06,SKU028,At-Risk,At-Risk
2026-10-30,ST06,SKU028,At-Risk,At-Risk
2026-10-24,ST07,SKU028,Safe,Safe
2026-10-25,ST07,SKU028,Safe,Safe
2026-10-26,ST07,SKU028,At-Risk,At-Risk
2026-10-27,ST07,SKU028,At-Risk,At-Risk
2026-10-28,ST07,SKU028,At-Risk,At-Risk
2026-10-29,ST07,SKU028,Imminent,Imminent
2026-10-30,ST07,SKU028,At-Risk,Imminent
2026-10-24,ST08,SKU028,Safe,Safe
2026-10-25,ST08,SKU028,Safe,Safe
2026-10-26,ST08,SKU028,Safe,Safe
2026-10-27,ST08,SKU028,Safe,Safe
2026-10-28,ST08,SKU028,Safe,Safe
2026-10-29,ST08,SKU028,Safe,Safe
2026-10-30,ST08,SKU028,Safe,Safe
2026-10-24,ST09,SKU028,Safe,Safe
2026-10-25,ST09,SKU028,Safe,Safe
2026-10-26,ST09,SKU028,At-Risk,At-Risk
2026-10-27,ST09,SKU028,At-Risk,At-Risk
2026-10-28,ST09,SKU028,At-Risk,At-Risk
2026-10-29,ST09,SKU028,At-Risk,At-Risk
2026-10-30,ST09,SKU028,Imminent,Imminent
2026-10-24,ST10,SKU028,Safe,Safe
2026-10-25,ST10,SKU028,At-Risk,At-Risk
2026-10-26,ST10,SKU028,At-Risk,At-Risk
2026-10-27,ST10,SKU028,At-Risk,At-Risk
2026-10-28,ST10,SKU028,Imminent,Imminent
2026-10-29,ST10,SKU028,Imminent,Imminent
2026-10-30,ST10,SKU028,Safe,Safe
2026-10-24,ST11,SKU028,Imminent,Imminent
2026-10-25,ST11,SKU028,Safe,Safe
2026-10-26,ST11,SKU028,Safe,Safe
2026-10-27,ST11,SKU028,Safe,Safe
2026-10-28,ST11,SKU028,Safe,Safe
2026-10-29,ST11,SKU028,Safe,Safe
2026-10-30,ST11,SKU028,Safe,Safe
2026-10-24,ST12,SKU028,Safe,Safe
2026-10-25,ST12,SKU028,Safe,Safe
2026-10-26,ST12,SKU028,Safe,Safe
2026-10-27,ST12,SKU028,At-Risk,At-Risk
2026-10-28,ST12,SKU028,At-Risk,At-Risk
2026-10-29,ST12,SKU028,At-Risk,At-Risk
2026-10-30,ST12,SKU028,Imminent,Imminent
2026-10-24,ST01,SKU029,Safe,Safe
2026-10-25,ST01,SKU029,At-Risk,At-Risk
2026-10-26,ST01,SKU029,Imminent,Imminent
2026-10-27,ST01,SKU029,Imminent,Imminent
2026-10-28,ST01,SKU029,Imminent,Imminent
2026-10-29,ST01,SKU029,Imminent,At-Risk
2026-10-30,ST01,SKU029,Imminent,Imminent
2026-10-24,ST02,SKU029,Safe,Safe
2026-10-25,ST02,SKU029,At-Risk,At-Risk
2026-10-26,ST02,SKU029,At-Risk,At-Risk
2026-10-27,ST02,SKU029,At-Risk,At-Risk
2026-10-28,ST02,SKU029,Imminent,Imminent
2026-10-29,ST02,SKU029,Imminent,Imminent
2026-10-30,ST02,SKU029,Imminent,Imminent
2026-10-24,ST03,SKU029,At-Risk,At-Risk
2026-10-25,ST03,SKU029,Imminent,Imminent
2026-10-26,ST03,SKU029,Imminent,Imminent
2026-10-27,ST03,SKU029,Imminent,Imminent
2026-10-28,ST03,SKU029,Imminent,Imminent
2026-10-29,ST03,SKU029,Imminent,Imminent
2026-10-30,ST03,SKU029,Imminent,Imminent
2026-10-24,ST04,SKU029,Safe,Safe
2026-10-25,ST04,SKU029,Safe,Safe
2026-10-26,ST04,SKU029,Safe,Safe
2026-10-27,ST04,SKU029,Safe,Safe
2026-10-28,ST04,SKU029,At-Risk,At-Risk
2026-10-29,ST04,SKU029,Imminent,Imminent
2026-10-30,ST04,SKU029,Imminent,Imminent
2026-10-24,ST05,SKU029,Safe,Safe
2026-10-25,ST05,SKU029,Safe,Safe
2026-10-26,ST05,SKU029,At-Risk,At-Risk
2026-10-27,ST05,SKU029,At-Risk,At-Risk
2026-10-28,ST05,SKU029,At-Risk,At-Risk
2026-10-29,ST05,SKU029,At-Risk,At-Risk
2026-10-30,ST05,SKU029,Imminent,Imminent
2026-10-24,ST06,SKU029,Imminent,Imminent
2026-10-25,ST06,SKU029,Imminent,Imminent
2026-10-26,ST06,SKU029,Imminent,Imminent
2026-10-27,ST06,SKU029,Safe,Safe
2026-10-28,ST06,SKU029,Safe,Safe
2026-10-29,ST06,SKU029,Safe,Safe
2026-10-30,ST06,SKU029,Safe,Safe
2026-10-24,ST07,SKU029,Safe,Safe
2026-10-25,ST07,SKU029,Safe,Safe
2026-10-26,ST07,SKU029,At-Risk,At-Risk
2026-10-27,ST07,SKU029,At-Risk,At-Risk
2026-10-28,ST07,SKU029,Imminent,Imminent
2026-10-29,ST07,SKU029,At-Risk,Imminent
2026-10-30,ST07,SKU029,At-Risk,Imminent
2026-10-24,ST08,SKU029,Imminent,Imminent
2026-10-25,ST08,SKU029,Imminent,Imminent
2026-10-26,ST08,SKU029,Safe,Safe
2026-10-27,ST08,SKU029,Safe,Safe
2026-10-28,ST08,SKU029,Safe,Safe
2026-10-29,ST08,SKU029,Safe,Safe
2026-10-30,ST08,SKU029,Safe,Safe
2026-10-24,ST09,SKU029,Safe,Safe
2026-10-25,ST09,SKU029,At-Risk,At-Risk
2026-10-26,ST09,SKU029,Imminent,Imminent
2026-10-27,ST09,SKU029,Imminent,Imminent
2026-10-28,ST09,SKU029,Imminent,Imminent
2026-10-29,ST09,SKU029,Imminent,Imminent
2026-10-30,ST09,SKU029,Safe,Safe
2026-10-24,ST10,SKU029,Safe,Safe
2026-10-25,ST10,SKU029,Safe,Safe
2026-10-26,ST10,SKU029,Safe,Safe
2026-10-27,ST10,SKU029,Safe,Safe
2026-10-28,ST10,SKU029,At-Risk,At-Risk
2026-10-29,ST10,SKU029,At-Risk,At-Risk
2026-10-30,ST10,SKU029,At-Risk,At-Risk
2026-10-24,ST11,SKU029,At-Risk,At-Risk
2026-10-25,ST11,SKU029,Imminent,Imminent
2026-10-26,ST11,SKU029,Imminent,Imminent
2026-10-27,ST11,SKU029,Imminent,Imminent
2026-10-28,ST11,SKU029,Imminent,Imminent
2026-10-29,ST11,SKU029,Imminent,Imminent
2026-10-30,ST11,SKU029,Safe,Safe
2026-10-24,ST12,SKU029,Safe,Safe
2026-10-25,ST12,SKU029,At-Risk,At-Risk
2026-10-26,ST12,SKU029,Imminent,At-Risk
2026-10-27,ST12,SKU029,Imminent,Imminent
2026-10-28,ST12,SKU029,Imminent,Imminent
2026-10-29,ST12,SKU029,Imminent,Imminent
2026-10-30,ST12,SKU029,Imminent,Imminent
2026-10-24,ST01,SKU030,Imminent,Imminent
2026-10-25,ST01,SKU030,Imminent,Imminent
2026-10-26,ST01,SKU030,Safe,Safe
2026-10-27,ST01,SKU030,Safe,Safe
2026-10-28,ST01,SKU030,Safe,Safe
2026-10-29,ST01,SKU030,Safe,Safe
2026-10-30,ST01,SKU030,Safe,Safe
2026-10-24,ST02,SKU030,Imminent,At-Risk
2026-10-25,ST02,SKU030,Imminent,At-Risk
2026-10-26,ST02,SKU030,Imminent,Imminent
2026-10-27,ST02,SKU030,Imminent,Imminent
2026-10-28,ST02,SKU030,Imminent,Imminent
2026-10-29,ST02,SKU030,Safe,Safe
2026-10-30,ST02,SKU030,Safe,Safe
2026-10-24,ST03,SKU030,Safe,Safe
2026-10-25,ST03,SKU030,At-Risk,At-Risk
2026-10-26,ST03,SKU030,Imminent,Imminent
2026-10-27,ST03,SKU030,Imminent,Imminent
2026-10-28,ST03,SKU030,Imminent,Imminent
2026-10-29,ST03,SKU030,At-Risk,At-Risk
2026-10-30,ST03,SKU030,At-Risk,Imminent
2026-10-24,ST04,SKU030,Imminent,Imminent
2026-10-25,ST04,SKU030,Safe,Safe
2026-10-26,ST04,SKU030,Safe,Safe
2026-10-27,ST04,SKU030,Safe,Safe
2026-10-28,ST04,SKU030,Safe,Safe
2026-10-29,ST04,SKU030,Safe,Safe
2026-10-30,ST04,SKU030,Safe,Safe
2026-10-24,ST05,SKU030,Imminent,Imminent
2026-10-25,ST05,SKU030,Imminent,Imminent
2026-10-26,ST05,SKU030,Imminent,Imminent
2026-10-27,ST05,SKU030,Imminent,Imminent
2026-10-28,ST05,SKU030,Safe,Safe
2026-10-29,ST05,SKU030,Safe,Safe
2026-10-30,ST05,SKU030,Safe,Safe
2026-10-24,ST06,SKU030,Safe,Safe
2026-10-25,ST06,SKU030,Safe,Safe
2026-10-26,ST06,SKU030,At-Risk,At-Risk
2026-10-27,ST06,SKU030,At-Risk,At-Risk
2026-10-28,ST06,SKU030,At-Risk,At-Risk
2026-10-29,ST06,SKU030,Imminent,At-Risk
2026-10-30,ST06,SKU030,Imminent,At-Risk
2026-10-24,ST07,SKU030,Safe,Safe
2026-10-25,ST07,SKU030,At-Risk,At-Risk
2026-10-26,ST07,SKU030,Imminent,Imminent
2026-10-27,ST07,SKU030,Imminent,At-Risk
2026-10-28,ST07,SKU030,Imminent,At-Risk
2026-10-29,ST07,SKU030,At-Risk,Imminent
2026-10-30,ST07,SKU030,Imminent,Imminent
2026-10-24,ST08,SKU030,At-Risk,At-Risk
2026-10-25,ST08,SKU030,At-Risk,Safe
2026-10-26,ST08,SKU030,Imminent,At-Risk
2026-10-27,ST08,SKU030,At-Risk,At-Risk
2026-10-28,ST08,SKU030,At-Risk,Imminent
2026-10-29,ST08,SKU030,At-Risk,Imminent
2026-10-30,ST08,SKU030,At-Risk,Imminent
2026-10-24,ST09,SKU030,Imminent,Imminent
2026-10-25,ST09,SKU030,Imminent,Imminent
2026-10-26,ST09,SKU030,Imminent,Imminent
2026-10-27,ST09,SKU030,Imminent,Imminent
2026-10-28,ST09,SKU030,Safe,Safe
2026-10-29,ST09,SKU030,Safe,Safe
2026-10-30,ST09,SKU030,Safe,Safe
2026-10-24,ST10,SKU030,Safe,Safe
2026-10-25,ST10,SKU030,Safe,Safe
2026-10-26,ST10,SKU030,At-Risk,At-Risk
2026-10-27,ST10,SKU030,At-Risk,At-Risk
2026-10-28,ST10,SKU030,At-Risk,At-Risk
2026-10-29,ST10,SKU030,Imminent,At-Risk
2026-10-30,ST10,SKU030,Imminent,At-Risk
2026-10-24,ST11,SKU030,Safe,Safe
2026-10-25,ST11,SKU030,At-Risk,At-Risk
2026-10-26,ST11,SKU030,Imminent,Imminent
2026-10-27,ST11,SKU030,Imminent,Imminent
2026-10-28,ST11,SKU030,Imminent,Imminent
2026-10-29,ST11,SKU030,Imminent,At-Risk
2026-10-30,ST11,SKU030,At-Risk,At-Risk
2026-10-24,ST12,SKU030,Imminent,Imminent
2026-10-25,ST12,SKU030,Imminent,Imminent
2026-10-26,ST12,SKU030,Imminent,Imminent
2026-10-27,ST12,SKU030,Imminent,Imminent
2026-10-28,ST12,SKU030,Imminent,Imminent
2026-10-29,ST12,SKU030,Safe,Safe
2026-10-30,ST12,SKU030,Safe,Safe
2026-10-24,ST01,SKU031,Safe,Safe
2026-10-25,ST01,SKU031,Safe,Safe
2026-10-26,ST01,SKU031,Safe,Safe
2026-10-27,ST01,SKU031,At-Risk,At-Risk
2026-10-28,ST01,SKU031,At-Risk,At-Risk
2026-10-29,ST01,SKU031,At-Risk,At-Risk
2026-10-30,ST01,SKU031,At-Risk,At-Risk
2026-10-24,ST02,SKU031,Safe,Safe
2026-10-25,ST02,SKU031,At-Risk,At-Risk
2026-10-26,ST02,SKU031,At-Risk,At-Risk
2026-10-27,ST02,SKU031,At-Risk,At-Risk
2026-10-28,ST02,SKU031,At-Risk,Imminent
2026-10-29,ST02,SKU031,Safe,Safe
2026-10-30,ST02,SKU031,Safe,Safe
2026-10-24,ST03,SKU031,Safe,Safe
2026-10-25,ST03,SKU031,Safe,Safe
2026-10-26,ST03,SKU031,At-Risk,At-Risk
2026-10-27,ST03,SKU031,At-Risk,At-Risk
2026-10-28,ST03,SKU031,Imminent,Imminent
2026-10-29,ST03,SKU031,Imminent,Imminent
2026-10-30,ST03,SKU031,Imminent,Imminent
2026-10-24,ST04,SKU031,Safe,Safe
2026-10-25,ST04,SKU031,Safe,Safe
2026-10-26,ST04,SKU031,Safe,Safe
2026-10-27,ST04,SKU031,Safe,Safe
2026-10-28,ST04,SKU031,At-Risk,At-Risk
2026-10-29,ST04,SKU031,At-Risk,At-Risk
2026-10-30,ST04,SKU031,At-Risk,At-Risk
2026-10-24,ST05,SKU031,Safe,Safe
2026-10-25,ST05,SKU031,Safe,Safe
2026-10-26,ST05,SKU031,Safe,Safe
2026-10-27,ST05,SKU031,Safe,Safe
2026-10-28,ST05,SKU031,Safe,Safe
2026-10-29,ST05,SKU031,At-Risk,At-Risk
2026-10-30,ST05,SKU031,At-Risk,At-Risk
2026-10-24,ST06,SKU031,Imminent,Imminent
2026-10-25,ST06,SKU031,Imminent,Imminent
2026-10-26,ST06,SKU031,Safe,Safe
2026-10-27,ST06,SKU031,Safe,Safe
2026-10-28,ST06,SKU031,Safe,Safe
2026-10-29,ST06,SKU031,Safe,Safe
2026-10-30,ST06,SKU031,Safe,Safe
2026-10-24,ST07,SKU031,Safe,Safe
2026-10-25,ST07,SKU031,Safe,Safe
2026-10-26,ST07,SKU031,Safe,Safe
2026-10-27,ST07,SKU031,Safe,Safe
2026-10-28,ST07,SKU031,Safe,Safe
2026-10-29,ST07,SKU031,Safe,Safe
2026-10-30,ST07,SKU031,At-Risk,At-Risk
2026-10-24,ST08,SKU031,Safe,Safe
2026-10-25,ST08,SKU031,Safe,Safe
2026-10-26,ST08,SKU031,Safe,Safe
2026-10-27,ST08,SKU031,Safe,Safe
2026-10-28,ST08,SKU031,Safe,Safe
2026-10-29,ST08,SKU031,Safe,Safe
2026-10-30,ST08,SKU031,Safe,Safe
2026-10-24,ST09,SKU031,At-Risk,Imminent
2026-10-25,ST09,SKU031,Safe,Safe
2026-10-26,ST09,SKU031,Safe,Safe
2026-10-27,ST09,SKU031,Safe,Safe
2026-10-28,ST09,SKU031,Safe,Safe
2026-10-29,ST09,SKU031,Safe,Safe
2026-10-30,ST09,SKU031,Safe,Safe
2026-10-24,ST10,SKU031,Safe,Safe
2026-10-25,ST10,SKU031,Safe,Safe
2026-10-26,ST10,SKU031,Safe,Safe
2026-10-27,ST10,SKU031,Safe,Safe
2026-10-28,ST10,SKU031,Safe,Safe
2026-10-29,ST10,SKU031,Safe,Safe
2026-10-30,ST10,SKU031,At-Risk,At-Risk
2026-10-24,ST11,SKU031,Imminent,At-Risk
2026-10-25,ST11,SKU031,Imminent,Imminent
2026-10-26,ST11,SKU031,Imminent,Imminent
2026-10-27,ST11,SKU031,Imminent,Imminent
2026-10-28,ST11,SKU031,Safe,Safe
2026-10-29,ST11,SKU031,Safe,Safe
2026-10-30,ST11,SKU031,Safe,Safe
2026-10-24,ST12,SKU031,Safe,Safe
2026-10-25,ST12,SKU031,Safe,Safe
2026-10-26,ST12,SKU031,Safe,Safe
2026-10-27,ST12,SKU031,At-Risk,At-Risk
2026-10-28,ST12,SKU031,At-Risk,At-Risk
2026-10-29,ST12,SKU031,At-Risk,At-Risk
2026-10-30,ST12,SKU031,Imminent,Imminent
2026-10-24,ST01,SKU032,Imminent,Imminent
2026-10-25,ST01,SKU032,Safe,Safe
2026-10-26,ST01,SKU032,Safe,Safe
2026-10-27,ST01,SKU032,Safe,Safe
2026-10-28,ST01,SKU032,Safe,Safe
2026-10-29,ST01,SKU032,Safe,Safe
2026-10-30,ST01,SKU032,Safe,Safe
2026-10-24,ST02,SKU032,At-Risk,At-Risk
2026-10-25,ST02,SKU032,Imminent,Imminent
2026-10-26,ST02,SKU032,Imminent,Imminent
2026-10-27,ST02,SKU032,Imminent,Imminent
2026-10-28,ST02,SKU032,Imminent,Imminent
2026-10-29,ST02,SKU032,Imminent,At-Risk
2026-10-30,ST02,SKU032,At-Risk,Imminent
2026-10-24,ST03,SKU032,Safe,Safe
2026-10-25,ST03,SKU032,Imminent,At-Risk
2026-10-26,ST03,SKU032,Imminent,At-Risk
2026-10-27,ST03,SKU032,Imminent,At-Risk
2026-10-28,ST03,SKU032,Imminent,At-Risk
2026-10-29,ST03,SKU032,Imminent,At-Risk
2026-10-30,ST03,SKU032,Imminent,Imminent
2026-10-24,ST04,SKU032,Safe,Safe
2026-10-25,ST04,SKU032,At-Risk,At-Risk
2026-10-26,ST04,SKU032,Imminent,At-Risk
2026-10-27,ST04,SKU032,Imminent,At-Risk
2026-10-28,ST04,SKU032,Imminent,At-Risk
2026-10-29,ST04,SKU032,At-Risk,At-Risk
2026-10-30,ST04,SKU032,At-Risk,At-Risk
2026-10-24,ST05,SKU032,At-Risk,At-Risk
2026-10-25,ST05,SKU032,Imminent,Imminent
2026-10-26,ST05,SKU032,Imminent,Imminent
2026-10-27,ST05,SKU032,Imminent,At-Risk
2026-10-28,ST05,SKU032,Imminent,Imminent
2026-10-29,ST05,SKU032,Imminent,Imminent
2026-10-30,ST05,SKU032,Safe,Safe
2026-10-24,ST06,SKU032,Imminent,Imminent
2026-10-25,ST06,SKU032,Imminent,Imminent
2026-10-26,ST06,SKU032,Safe,Safe
2026-10-27,ST06,SKU032,Safe,Safe
2026-10-28,ST06,SKU032,Safe,Safe
2026-10-29,ST06,SKU032,Safe,Safe
2026-10-30,ST06,SKU032,Safe,Safe
2026-10-24,ST07,SKU032,At-Risk,At-Risk
2026-10-25,ST07,SKU032,Imminent,At-Risk
2026-10-26,ST07,SKU032,Imminent,At-Risk
2026-10-27,ST07,SKU032,Imminent,Imminent
2026-10-28,ST07,SKU032,Imminent,Imminent
2026-10-29,ST07,SKU032,At-Risk,Imminent
2026-10-30,ST07,SKU032,Safe,Safe
2026-10-24,ST08,SKU032,At-Risk,At-Risk
2026-10-25,ST08,SKU032,Imminent,Imminent
2026-10-26,ST08,SKU032,Imminent,Imminent
2026-10-27,ST08,SKU032,Imminent,At-Risk
2026-10-28,ST08,SKU032,At-Risk,Imminent
2026-10-29,ST08,SKU032,At-Risk,At-Risk
2026-10-30,ST08,SKU032,At-Risk,At-Risk
2026-10-24,ST09,SKU032,Imminent,Imminent
2026-10-25,ST09,SKU032,Imminent,Imminent
2026-10-26,ST09,SKU032,Safe,Safe
2026-10-27,ST09,SKU032,Safe,Safe
2026-10-28,ST09,SKU032,Safe,Safe
2026-10-29,ST09,SKU032,Safe,Safe
2026-10-30,ST09,SKU032,Safe,Safe
2026-10-24,ST10,SKU032,At-Risk,At-Risk
2026-10-25,ST10,SKU032,Imminent,At-Risk
2026-10-26,ST10,SKU032,Imminent,Imminent
2026-10-27,ST10,SKU032,Imminent,Imminent
2026-10-28,ST10,SKU032,Imminent,Imminent
2026-10-29,ST10,SKU032,Imminent,Imminent
2026-10-30,ST10,SKU032,Safe,Safe
2026-10-24,ST11,SKU032,At-Risk,At-Risk
2026-10-25,ST11,SKU032,Imminent,Imminent
2026-10-26,ST11,SKU032,Imminent,Imminent
2026-10-27,ST11,SKU032,Imminent,Imminent
2026-10-28,ST11,SKU032,Imminent,Imminent
2026-10-29,ST11,SKU032,Imminent,Imminent
2026-10-30,ST11,SKU032,Safe,Safe
2026-10-24,ST12,SKU032,At-Risk,At-Risk
2026-10-25,ST12,SKU032,Imminent,Imminent
2026-10-26,ST12,SKU032,Imminent,Imminent
2026-10-27,ST12,SKU032,Imminent,Imminent
2026-10-28,ST12,SKU032,Imminent,Imminent
2026-10-29,ST12,SKU032,Imminent,Imminent
2026-10-30,ST12,SKU032,Imminent,Imminent
2026-10-24,ST01,SKU033,Safe,Safe
2026-10-25,ST01,SKU033,At-Risk,At-Risk
2026-10-26,ST01,SKU033,At-Risk,At-Risk
2026-10-27,ST01,SKU033,At-Risk,At-Risk
2026-10-28,ST01,SKU033,At-Risk,At-Risk
2026-10-29,ST01,SKU033,Safe,Safe
2026-10-30,ST01,SKU033,Safe,Safe
2026-10-24,ST02,SKU033,Imminent,Imminent
2026-10-25,ST02,SKU033,Safe,Safe
2026-10-26,ST02,SKU033,Safe,Safe
2026-10-27,ST02,SKU033,Safe,Safe
2026-10-28,ST02,SKU033,Safe,Safe
2026-10-29,ST02,SKU033,Safe,Safe
2026-10-30,ST02,SKU033,Safe,Safe
2026-10-24,ST03,SKU033,Safe,Safe
2026-10-25,ST03,SKU033,Safe,Safe
2026-10-26,ST03,SKU033,At-Risk,At-Risk
2026-10-27,ST03,SKU033,At-Risk,At-Risk
2026-10-28,ST03,SKU033,Imminent,At-Risk
2026-10-29,ST03,SKU033,At-Risk,Imminent
2026-10-30,ST03,SKU033,Safe,Safe
2026-10-24,ST04,SKU033,At-Risk,At-Risk
2026-10-25,ST04,SKU033,Safe,Safe
2026-10-26,ST04,SKU033,Safe,Safe
2026-10-27,ST04,SKU033,Safe,Safe
2026-10-28,ST04,SKU033,Safe,Safe
2026-10-29,ST04,SKU033,Safe,Safe
2026-10-30,ST04,SKU033,Safe,Safe
2026-10-24,ST05,SKU033,Safe,Safe
2026-10-25,ST05,SKU033,Safe,Safe
2026-10-26,ST05,SKU033,Safe,Safe
2026-10-27,ST05,SKU033,At-Risk,At-Risk
2026-10-28,ST05,SKU033,At-Risk,At-Risk
2026-10-29,ST05,SKU033,At-Risk,At-Risk
2026-10-30,ST05,SKU033,Imminent,Imminent
2026-10-24,ST06,SKU033,Safe,Safe
2026-10-25,ST06,SKU033,At-Risk,At-Risk
2026-10-26,ST06,SKU033,Imminent,Imminent
2026-10-27,ST06,SKU033,Safe,Safe
2026-10-28,ST06,SKU033,Safe,Safe
2026-10-29,ST06,SKU033,Safe,Safe
2026-10-30,ST06,SKU033,Safe,Safe
2026-10-24,ST07,SKU033,Imminent,Imminent
2026-10-25,ST07,SKU033,Imminent,Imminent
2026-10-26,ST07,SKU033,Imminent,Imminent
2026-10-27,ST07,SKU033,Safe,Safe
2026-10-28,ST07,SKU033,Safe,Safe
2026-10-29,ST07,SKU033,Safe,Safe
2026-10-30,ST07,SKU033,Safe,Safe
2026-10-24,ST08,SKU033,Safe,Safe
2026-10-25,ST08,SKU033,Safe,Safe
2026-10-26,ST08,SKU033,Safe,Safe
2026-10-27,ST08,SKU033,Safe,Safe
2026-10-28,ST08,SKU033,At-Risk,At-Risk
2026-10-29,ST08,SKU033,At-Risk,At-Risk
2026-10-30,ST08,SKU033,At-Risk,At-Risk
2026-10-24,ST09,SKU033,Safe,Safe
2026-10-25,ST09,SKU033,Safe,Safe
2026-10-26,ST09,SKU033,Safe,Safe
2026-10-27,ST09,SKU033,Safe,Safe
2026-10-28,ST09,SKU033,Safe,Safe
2026-10-29,ST09,SKU033,Safe,Safe
2026-10-30,ST09,SKU033,Safe,Safe
2026-10-24,ST10,SKU033,Safe,Safe
2026-10-25,ST10,SKU033,Safe,Safe
2026-10-26,ST10,SKU033,At-Risk,At-Risk
2026-10-27,ST10,SKU033,At-Risk,At-Risk
2026-10-28,ST10,SKU033,Imminent,Imminent
2026-10-29,ST10,SKU033,At-Risk,Imminent
2026-10-30,ST10,SKU033,Safe,Safe
2026-10-24,ST11,SKU033,Safe,Safe
2026-10-25,ST11,SKU033,Safe,Safe
2026-10-26,ST11,SKU033,Safe,Safe
2026-10-27,ST11,SKU033,Safe,Safe
2026-10-28,ST11,SKU033,Safe,Safe
2026-10-29,ST11,SKU033,Safe,Safe
2026-10-30,ST11,SKU033,At-Risk,At-Risk
2026-10-24,ST12,SKU033,At-Risk,At-Risk
2026-10-25,ST12,SKU033,Safe,Safe
2026-10-26,ST12,SKU033,Safe,Safe
2026-10-27,ST12,SKU033,Safe,Safe
2026-10-28,ST12,SKU033,Safe,Safe
2026-10-29,ST12,SKU033,Safe,Safe
2026-10-30,ST12,SKU033,Safe,Safe
2026-10-24,ST01,SKU034,Safe,Safe
2026-10-25,ST01,SKU034,Safe,Safe
2026-10-26,ST01,SKU034,Safe,Safe
2026-10-27,ST01,SKU034,Safe,Safe
2026-10-28,ST01,SKU034,Safe,Safe
2026-10-29,ST01,SKU034,Safe,Safe
2026-10-30,ST01,SKU034,At-Risk,At-Risk
2026-10-24,ST02,SKU034,Imminent,Imminent
2026-10-25,ST02,SKU034,Safe,Safe
2026-10-26,ST02,SKU034,Safe,Safe
2026-10-27,ST02,SKU034,Safe,Safe
2026-10-28,ST02,SKU034,Safe,Safe
2026-10-29,ST02,SKU034,Safe,Safe
2026-10-30,ST02,SKU034,Safe,Safe
2026-10-24,ST03,SKU034,Safe,Safe
2026-10-25,ST03,SKU034,Safe,Safe
2026-10-26,ST03,SKU034,Safe,Safe
2026-10-27,ST03,SKU034,Safe,Safe
2026-10-28,ST03,SKU034,Safe,Safe
2026-10-29,ST03,SKU034,Safe,Safe
2026-10-30,ST03,SKU034,Safe,Safe
2026-10-24,ST04,SKU034,Safe,Safe
2026-10-25,ST04,SKU034,Safe,Safe
2026-10-26,ST04,SKU034,Safe,Safe
2026-10-27,ST04,SKU034,Safe,Safe
2026-10-28,ST04,SKU034,Safe,Safe
2026-10-29,ST04,SKU034,At-Risk,At-Risk
2026-10-30,ST04,SKU034,At-Risk,At-Risk
2026-10-24,ST05,SKU034,Imminent,At-Risk
2026-10-25,ST05,SKU034,Imminent,Imminent
2026-10-26,ST05,SKU034,Imminent,Imminent
2026-10-27,ST05,SKU034,Safe,Safe
2026-10-28,ST05,SKU034,Safe,Safe
2026-10-29,ST05,SKU034,Safe,Safe
2026-10-30,ST05,SKU034,Safe,Safe
2026-10-24,ST06,SKU034,Safe,Safe
2026-10-25,ST06,SKU034,Safe,Safe
2026-10-26,ST06,SKU034,Safe,Safe
2026-10-27,ST06,SKU034,Safe,Safe
2026-10-28,ST06,SKU034,Safe,Safe
2026-10-29,ST06,SKU034,Safe,Safe
2026-10-30,ST06,SKU034,At-Risk,At-Risk
2026-10-24,ST07,SKU034,Safe,Safe
2026-10-25,ST07,SKU034,Safe,Safe
2026-10-26,ST07,SKU034,Safe,Safe
2026-10-27,ST07,SKU034,Safe,Safe
2026-10-28,ST07,SKU034,Safe,Safe
2026-10-29,ST07,SKU034,Safe,Safe
2026-10-30,ST07,SKU034,Safe,Safe
2026-10-24,ST08,SKU034,Safe,Safe
2026-10-25,ST08,SKU034,Safe,Safe
2026-10-26,ST08,SKU034,Safe,Safe
2026-10-27,ST08,SKU034,Safe,Safe
2026-10-28,ST08,SKU034,Safe,Safe
2026-10-29,ST08,SKU034,Safe,Safe
2026-10-30,ST08,SKU034,Safe,Safe
2026-10-24,ST09,SKU034,Imminent,At-Risk
2026-10-25,ST09,SKU034,Imminent,Imminent
2026-10-26,ST09,SKU034,Safe,Safe
2026-10-27,ST09,SKU034,Safe,Safe
2026-10-28,ST09,SKU034,Safe,Safe
2026-10-29,ST09,SKU034,Safe,Safe
2026-10-30,ST09,SKU034,Safe,Safe
2026-10-24,ST10,SKU034,Safe,Safe
2026-10-25,ST10,SKU034,Safe,Safe
2026-10-26,ST10,SKU034,Safe,Safe
2026-10-27,ST10,SKU034,Safe,Safe
2026-10-28,ST10,SKU034,Safe,Safe
2026-10-29,ST10,SKU034,Safe,Safe
2026-10-30,ST10,SKU034,Safe,Safe
2026-10-24,ST11,SKU034,Safe,Safe
2026-10-25,ST11,SKU034,Safe,Safe
2026-10-26,ST11,SKU034,Safe,Safe
2026-10-27,ST11,SKU034,Safe,Safe
2026-10-28,ST11,SKU034,Safe,Safe
2026-10-29,ST11,SKU034,Safe,Safe
2026-10-30,ST11,SKU034,Safe,Safe
2026-10-24,ST12,SKU034,Safe,Safe
2026-10-25,ST12,SKU034,Safe,Safe
2026-10-26,ST12,SKU034,Safe,Safe
2026-10-27,ST12,SKU034,Safe,Safe
2026-10-28,ST12,SKU034,Safe,Safe
2026-10-29,ST12,SKU034,At-Risk,At-Risk
2026-10-30,ST12,SKU034,At-Risk,At-Risk
2026-10-24,ST01,SKU035,At-Risk,At-Risk
2026-10-25,ST01,SKU035,Safe,Safe
2026-10-26,ST01,SKU035,Safe,Safe
2026-10-27,ST01,SKU035,Safe,Safe
2026-10-28,ST01,SKU035,Safe,Safe
2026-10-29,ST01,SKU035,Safe,Safe
2026-10-30,ST01,SKU035,Safe,Safe
2026-10-24,ST02,SKU035,Safe,Safe
2026-10-25,ST02,SKU035,Safe,Safe
2026-10-26,ST02,SKU035,Safe,Safe
2026-10-27,ST02,SKU035,Safe,Safe
2026-10-28,ST02,SKU035,Safe,Safe
2026-10-29,ST02,SKU035,Safe,Safe
2026-10-30,ST02,SKU035,Safe,Safe
2026-10-24,ST03,SKU035,At-Risk,At-Risk
2026-10-25,ST03,SKU035,At-Risk,Imminent
2026-10-26,ST03,SKU035,Safe,Safe
2026-10-27,ST03,SKU035,Safe,Safe
2026-10-28,ST03,SKU035,Safe,Safe
2026-10-29,ST03,SKU035,Safe,Safe
2026-10-30,ST03,SKU035,Safe,Safe
2026-10-24,ST04,SKU035,Safe,Safe
2026-10-25,ST04,SKU035,Safe,Safe
2026-10-26,ST04,SKU035,Safe,Safe
2026-10-27,ST04,SKU035,Safe,Safe
2026-10-28,ST04,SKU035,Safe,Safe
2026-10-29,ST04,SKU035,Safe,Safe
2026-10-30,ST04,SKU035,At-Risk,At-Risk
2026-10-24,ST05,SKU035,Safe,Safe
2026-10-25,ST05,SKU035,Safe,Safe
2026-10-26,ST05,SKU035,Safe,Safe
2026-10-27,ST05,SKU035,Safe,Safe
2026-10-28,ST05,SKU035,Safe,Safe
2026-10-29,ST05,SKU035,Safe,Safe
2026-10-30,ST05,SKU035,Safe,Safe
2026-10-24,ST06,SKU035,Safe,Safe
2026-10-25,ST06,SKU035,Safe,Safe
2026-10-26,ST06,SKU035,Safe,Safe
2026-10-27,ST06,SKU035,Safe,Safe
2026-10-28,ST06,SKU035,At-Risk,At-Risk
2026-10-29,ST06,SKU035,At-Risk,At-Risk
2026-10-30,ST06,SKU035,At-Risk,At-Risk
2026-10-24,ST07,SKU035,At-Risk,At-Risk
2026-10-25,ST07,SKU035,At-Risk,At-Risk
2026-10-26,ST07,SKU035,Safe,Safe
2026-10-27,ST07,SKU035,Safe,Safe
2026-10-28,ST07,SKU035,Safe,Safe
2026-10-29,ST07,SKU035,Safe,Safe
2026-10-30,ST07,SKU035,Safe,Safe
2026-10-24,ST08,SKU035,Safe,Safe
2026-10-25,ST08,SKU035,At-Risk,At-Risk
2026-10-26,ST08,SKU035,Safe,Safe
2026-10-27,ST08,SKU035,Safe,Safe
2026-10-28,ST08,SKU035,Safe,Safe
2026-10-29,ST08,SKU035,Safe,Safe
2026-10-30,ST08,SKU035,Safe,Safe
2026-10-24,ST09,SKU035,Safe,Safe
2026-10-25,ST09,SKU035,Safe,Safe
2026-10-26,ST09,SKU035,Safe,Safe
2026-10-27,ST09,SKU035,Safe,Safe
2026-10-28,ST09,SKU035,Safe,Safe
2026-10-29,ST09,SKU035,Safe,Safe
2026-10-30,ST09,SKU035,Safe,Safe
2026-10-24,ST10,SKU035,Safe,Safe
2026-10-25,ST10,SKU035,Safe,Safe
2026-10-26,ST10,SKU035,Safe,Safe
2026-10-27,ST10,SKU035,Safe,Safe
2026-10-28,ST10,SKU035,Safe,Safe
2026-10-29,ST10,SKU035,Safe,Safe
2026-10-30,ST10,SKU035,Safe,Safe
2026-10-24,ST11,SKU035,Safe,Safe
2026-10-25,ST11,SKU035,Safe,Safe
2026-10-26,ST11,SKU035,At-Risk,At-Risk
2026-10-27,ST11,SKU035,At-Risk,At-Risk
2026-10-28,ST11,SKU035,At-Risk,At-Risk
2026-10-29,ST11,SKU035,At-Risk,Imminent
2026-10-30,ST11,SKU035,Safe,Safe
2026-10-24,ST12,SKU035,Safe,Safe
2026-10-25,ST12,SKU035,Safe,Safe
2026-10-26,ST12,SKU035,Safe,Safe
2026-10-27,ST12,SKU035,Safe,Safe
2026-10-28,ST12,SKU035,Safe,Safe
2026-10-29,ST12,SKU035,Safe,Safe
2026-10-30,ST12,SKU035,Safe,Safe
2026-10-24,ST01,SKU036,Safe,Safe
2026-10-25,ST01,SKU036,Safe,Safe
2026-10-26,ST01,SKU036,Safe,Safe
2026-10-27,ST01,SKU036,Safe,Safe
2026-10-28,ST01,SKU036,Safe,Safe
2026-10-29,ST01,SKU036,At-Risk,At-Risk
2026-10-30,ST01,SKU036,At-Risk,Imminent
2026-10-24,ST02,SKU036,Safe,Safe
2026-10-25,ST02,SKU036,Safe,Safe
2026-10-26,ST02,SKU036,Safe,Safe
2026-10-27,ST02,SKU036,Safe,Safe
2026-10-28,ST02,SKU036,Safe,Safe
2026-10-29,ST02,SKU036,Safe,Safe
2026-10-30,ST02,SKU036,Safe,Safe
2026-10-24,ST03,SKU036,Safe,Safe
2026-10-25,ST03,SKU036,Safe,Safe
2026-10-26,ST03,SKU036,Safe,Safe
2026-10-27,ST03,SKU036,At-Risk,At-Risk
2026-10-28,ST03,SKU036,At-Risk,At-Risk
2026-10-29,ST03,SKU036,Safe,Safe
2026-10-30,ST03,SKU036,Safe,Safe
2026-10-24,ST04,SKU036,Safe,Safe
2026-10-25,ST04,SKU036,Safe,Safe
2026-10-26,ST04,SKU036,Safe,Safe
2026-10-27,ST04,SKU036,Safe,Safe
2026-10-28,ST04,SKU036,Safe,Safe
2026-10-29,ST04,SKU036,At-Risk,At-Risk
2026-10-30,ST04,SKU036,At-Risk,At-Risk
2026-10-24,ST05,SKU036,Safe,Safe
2026-10-25,ST05,SKU036,Safe,Safe
2026-10-26,ST05,SKU036,Safe,Safe
2026-10-27,ST05,SKU036,Safe,Safe
2026-10-28,ST05,SKU036,Safe,Safe
2026-10-29,ST05,SKU036,Safe,Safe
2026-10-30,ST05,SKU036,Safe,Safe
2026-10-24,ST06,SKU036,At-Risk,At-Risk
2026-10-25,ST06,SKU036,Safe,Safe
2026-10-26,ST06,SKU036,Safe,Safe
2026-10-27,ST06,SKU036,Safe,Safe
2026-10-28,ST06,SKU036,Safe,Safe
2026-10-29,ST06,SKU036,Safe,Safe
2026-10-30,ST06,SKU036,Safe,Safe
2026-10-24,ST07,SKU036,Safe,Safe
2026-10-25,ST07,SKU036,Safe,Safe
2026-10-26,ST07,SKU036,Safe,Safe
2026-10-27,ST07,SKU036,Safe,Safe
2026-10-28,ST07,SKU036,Safe,Safe
2026-10-29,ST07,SKU036,Safe,Safe
2026-10-30,ST07,SKU036,Safe,Safe
2026-10-24,ST08,SKU036,Safe,Safe
2026-10-25,ST08,SKU036,Safe,Safe
2026-10-26,ST08,SKU036,Safe,Safe
2026-10-27,ST08,SKU036,Safe,Safe
2026-10-28,ST08,SKU036,Safe,Safe
2026-10-29,ST08,SKU036,Safe,Safe
2026-10-30,ST08,SKU036,Safe,Safe
2026-10-24,ST09,SKU036,Imminent,Imminent
2026-10-25,ST09,SKU036,Safe,Safe
2026-10-26,ST09,SKU036,Safe,Safe
2026-10-27,ST09,SKU036,Safe,Safe
2026-10-28,ST09,SKU036,Safe,Safe
2026-10-29,ST09,SKU036,Safe,Safe
2026-10-30,ST09,SKU036,Safe,Safe
2026-10-24,ST10,SKU036,Safe,Safe
2026-10-25,ST10,SKU036,Safe,Safe
2026-10-26,ST10,SKU036,Safe,Safe
2026-10-27,ST10,SKU036,Safe,Safe
2026-10-28,ST10,SKU036,Safe,Safe
2026-10-29,ST10,SKU036,Safe,Safe
2026-10-30,ST10,SKU036,At-Risk,At-Risk
2026-10-24,ST11,SKU036,Safe,Safe
2026-10-25,ST11,SKU036,Safe,Safe
2026-10-26,ST11,SKU036,Safe,Safe
2026-10-27,ST11,SKU036,Safe,Safe
2026-10-28,ST11,SKU036,Safe,Safe
2026-10-29,ST11,SKU036,Safe,Safe
2026-10-30,ST11,SKU036,Safe,Safe
2026-10-24,ST12,SKU036,Safe,Safe
2026-10-25,ST12,SKU036,At-Risk,At-Risk
2026-10-26,ST12,SKU036,At-Risk,Imminent
2026-10-27,ST12,SKU036,Safe,Safe
2026-10-28,ST12,SKU036,Safe,Safe
2026-10-29,ST12,SKU036,Safe,Safe
2026-10-30,ST12,SKU036,Safe,Safe
2026-10-24,ST01,SKU037,Safe,Safe
2026-10-25,ST01,SKU037,Safe,Safe
2026-10-26,ST01,SKU037,Safe,Safe
2026-10-27,ST01,SKU037,Safe,Safe
2026-10-28,ST01,SKU037,Safe,Safe
2026-10-29,ST01,SKU037,Safe,Safe
2026-10-30,ST01,SKU037,Safe,Safe
2026-10-24,ST02,SKU037,Safe,Safe
2026-10-25,ST02,SKU037,Safe,Safe
2026-10-26,ST02,SKU037,Safe,Safe
2026-10-27,ST02,SKU037,Safe,Safe
2026-10-28,ST02,SKU037,Safe,Safe
2026-10-29,ST02,SKU037,Safe,Safe
2026-10-30,ST02,SKU037,Safe,Safe
2026-10-24,ST03,SKU037,Safe,Safe
2026-10-25,ST03,SKU037,Safe,Safe
2026-10-26,ST03,SKU037,Safe,Safe
2026-10-27,ST03,SKU037,Safe,Safe
2026-10-28,ST03,SKU037,Safe,Safe
2026-10-29,ST03,SKU037,Safe,Safe
2026-10-30,ST03,SKU037,At-Risk,At-Risk
2026-10-24,ST04,SKU037,At-Risk,At-Risk
2026-10-25,ST04,SKU037,Safe,Safe
2026-10-26,ST04,SKU037,Safe,Safe
2026-10-27,ST04,SKU037,Safe,Safe
2026-10-28,ST04,SKU037,Safe,Safe
2026-10-29,ST04,SKU037,Safe,Safe
2026-10-30,ST04,SKU037,Safe,Safe
2026-10-24,ST05,SKU037,Safe,Safe
2026-10-25,ST05,SKU037,Safe,Safe
2026-10-26,ST05,SKU037,Safe,Safe
2026-10-27,ST05,SKU037,Safe,Safe
2026-10-28,ST05,SKU037,Safe,Safe
2026-10-29,ST05,SKU037,Safe,Safe
2026-10-30,ST05,SKU037,Safe,Safe
2026-10-24,ST06,SKU037,At-Risk,At-Risk
2026-10-25,ST06,SKU037,Safe,Safe
2026-10-26,ST06,SKU037,Safe,Safe
2026-10-27,ST06,SKU037,Safe,Safe
2026-10-28,ST06,SKU037,Safe,Safe
2026-10-29,ST06,SKU037,Safe,Safe
2026-10-30,ST06,SKU037,Safe,Safe
2026-10-24,ST07,SKU037,Safe,Safe
2026-10-25,ST07,SKU037,Safe,Safe
2026-10-26,ST07,SKU037,Safe,Safe
2026-10-27,ST07,SKU037,Safe,Safe
2026-10-28,ST07,SKU037,Safe,Safe
2026-10-29,ST07,SKU037,Safe,Safe
2026-10-30,ST07,SKU037,Safe,Safe
2026-10-24,ST08,SKU037,Safe,Safe
2026-10-25,ST08,SKU037,Safe,Safe
2026-10-26,ST08,SKU037,Safe,Safe
2026-10-27,ST08,SKU037,Safe,Safe
2026-10-28,ST08,SKU037,Safe,Safe
2026-10-29,ST08,SKU037,Safe,Safe
2026-10-30,ST08,SKU037,Safe,Safe
2026-10-24,ST09,SKU037,Imminent,At-Risk
2026-10-25,ST09,SKU037,Imminent,Imminent
2026-10-26,ST09,SKU037,Imminent,Imminent
2026-10-27,ST09,SKU037,Safe,Safe
2026-10-28,ST09,SKU037,Safe,Safe
2026-10-29,ST09,SKU037,Safe,Safe
2026-10-30,ST09,SKU037,Safe,Safe
2026-10-24,ST10,SKU037,Imminent,Imminent
2026-10-25,ST10,SKU037,Imminent,Imminent
2026-10-26,ST10,SKU037,Safe,Safe
2026-10-27,ST10,SKU037,Safe,Safe
2026-10-28,ST10,SKU037,Safe,Safe
2026-10-29,ST10,SKU037,Safe,Safe
2026-10-30,ST10,SKU037,Safe,Safe
2026-10-24,ST11,SKU037,At-Risk,At-Risk
2026-10-25,ST11,SKU037,Imminent,Imminent
2026-10-26,ST11,SKU037,Safe,Safe
2026-10-27,ST11,SKU037,Safe,Safe
2026-10-28,ST11,SKU037,Safe,Safe
2026-10-29,ST11,SKU037,Safe,Safe
2026-10-30,ST11,SKU037,Safe,Safe
2026-10-24,ST12,SKU037,Safe,Safe
2026-10-25,ST12,SKU037,Safe,Safe
2026-10-26,ST12,SKU037,Safe,Safe
2026-10-27,ST12,SKU037,At-Risk,At-Risk
2026-10-28,ST12,SKU037,At-Risk,At-Risk
2026-10-29,ST12,SKU037,At-Risk,At-Risk
2026-10-30,ST12,SKU037,Safe,Safe
2026-10-24,ST01,SKU038,Safe,Safe
2026-10-25,ST01,SKU038,Safe,Safe
2026-10-26,ST01,SKU038,Safe,Safe
2026-10-27,ST01,SKU038,Safe,Safe
2026-10-28,ST01,SKU038,Safe,Safe
2026-10-29,ST01,SKU038,Safe,Safe
2026-10-30,ST01,SKU038,Safe,Safe
2026-10-24,ST02,SKU038,Safe,Safe
2026-10-25,ST02,SKU038,Safe,Safe
2026-10-26,ST02,SKU038,Safe,Safe
2026-10-27,ST02,SKU038,At-Risk,At-Risk
2026-10-28,ST02,SKU038,At-Risk,At-Risk
2026-10-29,ST02,SKU038,At-Risk,At-Risk
2026-10-30,ST02,SKU038,Imminent,At-Risk
2026-10-24,ST03,SKU038,Safe,Safe
2026-10-25,ST03,SKU038,Safe,Safe
2026-10-26,ST03,SKU038,Safe,Safe
2026-10-27,ST03,SKU038,Safe,Safe
2026-10-28,ST03,SKU038,At-Risk,At-Risk
2026-10-29,ST03,SKU038,At-Risk,At-Risk
2026-10-30,ST03,SKU038,At-Risk,At-Risk
2026-10-24,ST04,SKU038,Imminent,Imminent
2026-10-25,ST04,SKU038,Imminent,Imminent
2026-10-26,ST04,SKU038,Imminent,Imminent
2026-10-27,ST04,SKU038,Safe,Safe
2026-10-28,ST04,SKU038,Safe,Safe
2026-10-29,ST04,SKU038,Safe,Safe
2026-10-30,ST04,SKU038,Safe,Safe
2026-10-24,ST05,SKU038,Safe,Safe
2026-10-25,ST05,SKU038,At-Risk,At-Risk
2026-10-26,ST05,SKU038,Safe,At-Risk
2026-10-27,ST05,SKU038,At-Risk,Imminent
2026-10-28,ST05,SKU038,Safe,Safe
2026-10-29,ST05,SKU038,Safe,Safe
2026-10-30,ST05,SKU038,Safe,Safe
2026-10-24,ST06,SKU038,Safe,Safe
2026-10-25,ST06,SKU038,Safe,Safe
2026-10-26,ST06,SKU038,Safe,Safe
2026-10-27,ST06,SKU038,Safe,Safe
2026-10-28,ST06,SKU038,Safe,Safe
2026-10-29,ST06,SKU038,At-Risk,At-Risk
2026-10-30,ST06,SKU038,Imminent,Imminent
2026-10-24,ST07,SKU038,Imminent,Imminent
2026-10-25,ST07,SKU038,Imminent,Imminent
2026-10-26,ST07,SKU038,Safe,Safe
2026-10-27,ST07,SKU038,Safe,Safe
2026-10-28,ST07,SKU038,Safe,Safe
2026-10-29,ST07,SKU038,Safe,Safe
2026-10-30,ST07,SKU038,Safe,Safe
2026-10-24,ST08,SKU038,Safe,Safe
2026-10-25,ST08,SKU038,At-Risk,At-Risk
2026-10-26,ST08,SKU038,Safe,Safe
2026-10-27,ST08,SKU038,At-Risk,At-Risk
2026-10-28,ST08,SKU038,At-Risk,Imminent
2026-10-29,ST08,SKU038,At-Risk,Imminent
2026-10-30,ST08,SKU038,At-Risk,Imminent
2026-10-24,ST09,SKU038,Safe,Safe
2026-10-25,ST09,SKU038,Safe,Safe
2026-10-26,ST09,SKU038,Safe,Safe
2026-10-27,ST09,SKU038,Safe,Safe
2026-10-28,ST09,SKU038,Safe,Safe
2026-10-29,ST09,SKU038,Safe,Safe
2026-10-30,ST09,SKU038,Safe,Safe
2026-10-24,ST10,SKU038,Safe,Safe
2026-10-25,ST10,SKU038,Safe,Safe
2026-10-26,ST10,SKU038,Safe,Safe
2026-10-27,ST10,SKU038,Safe,Safe
2026-10-28,ST10,SKU038,Safe,Safe
2026-10-29,ST10,SKU038,Safe,Safe
2026-10-30,ST10,SKU038,Safe,Safe
2026-10-24,ST11,SKU038,At-Risk,Imminent
2026-10-25,ST11,SKU038,Imminent,Imminent
2026-10-26,ST11,SKU038,Imminent,Imminent
2026-10-27,ST11,SKU038,Safe,Safe
2026-10-28,ST11,SKU038,Safe,Safe
2026-10-29,ST11,SKU038,Safe,Safe
2026-10-30,ST11,SKU038,At-Risk,At-Risk
2026-10-24,ST12,SKU038,At-Risk,Imminent
2026-10-25,ST12,SKU038,At-Risk,Imminent
2026-10-26,ST12,SKU038,Safe,Safe
2026-10-27,ST12,SKU038,Safe,Safe
2026-10-28,ST12,SKU038,Safe,Safe
2026-10-29,ST12,SKU038,Safe,Safe
2026-10-30,ST12,SKU038,Safe,Safe
2026-10-24,ST01,SKU039,Safe,Safe
2026-10-25,ST01,SKU039,Safe,Safe
2026-10-26,ST01,SKU039,Safe,Safe
2026-10-27,ST01,SKU039,Safe,Safe
2026-10-28,ST01,SKU039,At-Risk,At-Risk
2026-10-29,ST01,SKU039,At-Risk,At-Risk
2026-10-30,ST01,SKU039,Imminent,At-Risk
2026-10-24,ST02,SKU039,Safe,Safe
2026-10-25,ST02,SKU039,Safe,Safe
2026-10-26,ST02,SKU039,Safe,Safe
2026-10-27,ST02,SKU039,Safe,Safe
2026-10-28,ST02,SKU039,Safe,Safe
2026-10-29,ST02,SKU039,Safe,Safe
2026-10-30,ST02,SKU039,Safe,Safe
2026-10-24,ST03,SKU039,Safe,Safe
2026-10-25,ST03,SKU039,Safe,Safe
2026-10-26,ST03,SKU039,Safe,Safe
2026-10-27,ST03,SKU039,Safe,Safe
2026-10-28,ST03,SKU039,Safe,Safe
2026-10-29,ST03,SKU039,Safe,Safe
2026-10-30,ST03,SKU039,Safe,Safe
2026-10-24,ST04,SKU039,Imminent,Imminent
2026-10-25,ST04,SKU039,Safe,Safe
2026-10-26,ST04,SKU039,Safe,Safe
2026-10-27,ST04,SKU039,Safe,Safe
2026-10-28,ST04,SKU039,Safe,Safe
2026-10-29,ST04,SKU039,Safe,Safe
2026-10-30,ST04,SKU039,Safe,Safe
2026-10-24,ST05,SKU039,At-Risk,Imminent
2026-10-25,ST05,SKU039,At-Risk,Imminent
2026-10-26,ST05,SKU039,Safe,Safe
2026-10-27,ST05,SKU039,Safe,Safe
2026-10-28,ST05,SKU039,Safe,Safe
2026-10-29,ST05,SKU039,Safe,Safe
2026-10-30,ST05,SKU039,Safe,Safe
2026-10-24,ST06,SKU039,Safe,Safe
2026-10-25,ST06,SKU039,Safe,Safe
2026-10-26,ST06,SKU039,Safe,Safe
2026-10-27,ST06,SKU039,Safe,Safe
2026-10-28,ST06,SKU039,Safe,Safe
2026-10-29,ST06,SKU039,Safe,Safe
2026-10-30,ST06,SKU039,Safe,Safe
2026-10-24,ST07,SKU039,Safe,Safe
2026-10-25,ST07,SKU039,At-Risk,At-Risk
2026-10-26,ST07,SKU039,At-Risk,At-Risk
2026-10-27,ST07,SKU039,Imminent,Imminent
2026-10-28,ST07,SKU039,Imminent,Imminent
2026-10-29,ST07,SKU039,Imminent,Imminent
2026-10-30,ST07,SKU039,Imminent,Imminent
2026-10-24,ST08,SKU039,Safe,Safe
2026-10-25,ST08,SKU039,Safe,Safe
2026-10-26,ST08,SKU039,Safe,Safe
2026-10-27,ST08,SKU039,Safe,Safe
2026-10-28,ST08,SKU039,At-Risk,At-Risk
2026-10-29,ST08,SKU039,At-Risk,At-Risk
2026-10-30,ST08,SKU039,At-Risk,Imminent
2026-10-24,ST09,SKU039,Safe,Safe
2026-10-25,ST09,SKU039,Safe,Safe
2026-10-26,ST09,SKU039,Safe,Safe
2026-10-27,ST09,SKU039,Safe,Safe
2026-10-28,ST09,SKU039,At-Risk,At-Risk
2026-10-29,ST09,SKU039,Safe,Safe
2026-10-30,ST09,SKU039,At-Risk,At-Risk
2026-10-24,ST10,SKU039,Safe,Safe
2026-10-25,ST10,SKU039,At-Risk,At-Risk
2026-10-26,ST10,SKU039,At-Risk,At-Risk
2026-10-27,ST10,SKU039,At-Risk,At-Risk
2026-10-28,ST10,SKU039,At-Risk,At-Risk
2026-10-29,ST10,SKU039,At-Risk,At-Risk
2026-10-30,ST10,SKU039,Safe,Safe
2026-10-24,ST11,SKU039,Imminent,Imminent
2026-10-25,ST11,SKU039,Imminent,Imminent
2026-10-26,ST11,SKU039,Safe,Safe
2026-10-27,ST11,SKU039,Safe,Safe
2026-10-28,ST11,SKU039,Safe,Safe
2026-10-29,ST11,SKU039,Safe,Safe
2026-10-30,ST11,SKU039,Safe,Safe
2026-10-24,ST12,SKU039,Imminent,At-Risk
2026-10-25,ST12,SKU039,Imminent,Imminent
2026-10-26,ST12,SKU039,Imminent,Imminent
2026-10-27,ST12,SKU039,Safe,Safe
2026-10-28,ST12,SKU039,Safe,Safe
2026-10-29,ST12,SKU039,Safe,Safe
2026-10-30,ST12,SKU039,Safe,Safe
2026-10-24,ST01,SKU040,Safe,Safe
2026-10-25,ST01,SKU040,Safe,Safe
2026-10-26,ST01,SKU040,Safe,Safe
2026-10-27,ST01,SKU040,Safe,Safe
2026-10-28,ST01,SKU040,Safe,Safe
2026-10-29,ST01,SKU040,Safe,Safe
2026-10-30,ST01,SKU040,Safe,Safe
2026-10-24,ST02,SKU040,Safe,Safe
2026-10-25,ST02,SKU040,Safe,Safe
2026-10-26,ST02,SKU040,Safe,Safe
2026-10-27,ST02,SKU040,Safe,Safe
2026-10-28,ST02,SKU040,Safe,Safe
2026-10-29,ST02,SKU040,Safe,Safe
2026-10-30,ST02,SKU040,At-Risk,At-Risk
2026-10-24,ST03,SKU040,At-Risk,At-Risk
2026-10-25,ST03,SKU040,Safe,Safe
2026-10-26,ST03,SKU040,Safe,Safe
2026-10-27,ST03,SKU040,Safe,Safe
2026-10-28,ST03,SKU040,Safe,Safe
2026-10-29,ST03,SKU040,Safe,Safe
2026-10-30,ST03,SKU040,Safe,Safe
2026-10-24,ST04,SKU040,At-Risk,At-Risk
2026-10-25,ST04,SKU040,Safe,Safe
2026-10-26,ST04,SKU040,Safe,Safe
2026-10-27,ST04,SKU040,Safe,Safe
2026-10-28,ST04,SKU040,Safe,Safe
2026-10-29,ST04,SKU040,Safe,Safe
2026-10-30,ST04,SKU040,Safe,Safe
2026-10-24,ST05,SKU040,Safe,Safe
2026-10-25,ST05,SKU040,Safe,Safe
2026-10-26,ST05,SKU040,Safe,Safe
2026-10-27,ST05,SKU040,Safe,Safe
2026-10-28,ST05,SKU040,Safe,Safe
2026-10-29,ST05,SKU040,Safe,Safe
2026-10-30,ST05,SKU040,Safe,Safe
2026-10-24,ST06,SKU040,At-Risk,At-Risk
2026-10-25,ST06,SKU040,Imminent,At-Risk
2026-10-26,ST06,SKU040,Imminent,Imminent
2026-10-27,ST06,SKU040,Safe,Safe
2026-10-28,ST06,SKU040,Safe,Safe
2026-10-29,ST06,SKU040,Safe,Safe
2026-10-30,ST06,SKU040,Safe,Safe
2026-10-24,ST07,SKU040,Safe,Safe
2026-10-25,ST07,SKU040,Safe,Safe
2026-10-26,ST07,SKU040,Safe,Safe
2026-10-27,ST07,SKU040,Safe,Safe
2026-10-28,ST07,SKU040,Safe,Safe
2026-10-29,ST07,SKU040,At-Risk,At-Risk
2026-10-30,ST07,SKU040,At-Risk,At-Risk
2026-10-24,ST08,SKU040,Safe,Safe
2026-10-25,ST08,SKU040,Safe,Safe
2026-10-26,ST08,SKU040,Safe,Safe
2026-10-27,ST08,SKU040,Safe,Safe
2026-10-28,ST08,SKU040,Safe,Safe
2026-10-29,ST08,SKU040,Safe,Safe
2026-10-30,ST08,SKU040,Safe,Safe
2026-10-24,ST09,SKU040,Safe,Safe
2026-10-25,ST09,SKU040,Safe,Safe
2026-10-26,ST09,SKU040,Safe,Safe
2026-10-27,ST09,SKU040,Safe,Safe
2026-10-28,ST09,SKU040,Safe,Safe
2026-10-29,ST09,SKU040,Safe,Safe
2026-10-30,ST09,SKU040,Safe,Safe
2026-10-24,ST10,SKU040,Safe,Safe
2026-10-25,ST10,SKU040,At-Risk,At-Risk
2026-10-26,ST10,SKU040,At-Risk,At-Risk
2026-10-27,ST10,SKU040,Safe,Safe
2026-10-28,ST10,SKU040,Safe,Safe
2026-10-29,ST10,SKU040,Safe,Safe
2026-10-30,ST10,SKU040,Safe,Safe
2026-10-24,ST11,SKU040,Safe,Safe
2026-10-25,ST11,SKU040,Safe,Safe
2026-10-26,ST11,SKU040,At-Risk,At-Risk
2026-10-27,ST11,SKU040,At-Risk,At-Risk
2026-10-28,ST11,SKU040,Imminent,At-Risk
2026-10-29,ST11,SKU040,Imminent,Imminent
2026-10-30,ST11,SKU040,Imminent,Imminent
2026-10-24,ST12,SKU040,Safe,Safe
2026-10-25,ST12,SKU040,Safe,Safe
2026-10-26,ST12,SKU040,Safe,Safe
2026-10-27,ST12,SKU040,Safe,Safe
2026-10-28,ST12,SKU040,Safe,Safe
2026-10-29,ST12,SKU040,Safe,Safe
2026-10-30,ST12,SKU040,At-Risk,At-Risk
2026-10-24,ST01,SKU041,Safe,Safe
2026-10-25,ST01,SKU041,Safe,Safe
2026-10-26,ST01,SKU041,Safe,Safe
2026-10-27,ST01,SKU041,Safe,Safe
2026-10-28,ST01,SKU041,At-Risk,At-Risk
2026-10-29,ST01,SKU041,At-Risk,At-Risk
2026-10-30,ST01,SKU041,Safe,Safe
2026-10-24,ST02,SKU041,Safe,Safe
2026-10-25,ST02,SKU041,Safe,Safe
2026-10-26,ST02,SKU041,Safe,Safe
2026-10-27,ST02,SKU041,Safe,Safe
2026-10-28,ST02,SKU041,Safe,Safe
2026-10-29,ST02,SKU041,At-Risk,At-Risk
2026-10-30,ST02,SKU041,At-Risk,At-Risk
2026-10-24,ST03,SKU041,At-Risk,At-Risk
2026-10-25,ST03,SKU041,Imminent,Imminent
2026-10-26,ST03,SKU041,Safe,Safe
2026-10-27,ST03,SKU041,Safe,Safe
2026-10-28,ST03,SKU041,Safe,Safe
2026-10-29,ST03,SKU041,Safe,Safe
2026-10-30,ST03,SKU041,Safe,Safe
2026-10-24,ST04,SKU041,Safe,Safe
2026-10-25,ST04,SKU041,Safe,Safe
2026-10-26,ST04,SKU041,Safe,Safe
2026-10-27,ST04,SKU041,Safe,Safe
2026-10-28,ST04,SKU041,Safe,Safe
2026-10-29,ST04,SKU041,Safe,Safe
2026-10-30,ST04,SKU041,Safe,Safe
2026-10-24,ST05,SKU041,Safe,Safe
2026-10-25,ST05,SKU041,Safe,Safe
2026-10-26,ST05,SKU041,Safe,Safe
2026-10-27,ST05,SKU041,Safe,Safe
2026-10-28,ST05,SKU041,Safe,Safe
2026-10-29,ST05,SKU041,Safe,Safe
2026-10-30,ST05,SKU041,Safe,Safe
2026-10-24,ST06,SKU041,Safe,Safe
2026-10-25,ST06,SKU041,Safe,Safe
2026-10-26,ST06,SKU041,Safe,Safe
2026-10-27,ST06,SKU041,Safe,Safe
2026-10-28,ST06,SKU041,Safe,Safe
2026-10-29,ST06,SKU041,Safe,Safe
2026-10-30,ST06,SKU041,Safe,Safe
2026-10-24,ST07,SKU041,Safe,Safe
2026-10-25,ST07,SKU041,Safe,Safe
2026-10-26,ST07,SKU041,Safe,Safe
2026-10-27,ST07,SKU041,Safe,Safe
2026-10-28,ST07,SKU041,Safe,Safe
2026-10-29,ST07,SKU041,Safe,Safe
2026-10-30,ST07,SKU041,Safe,Safe
2026-10-24,ST08,SKU041,Safe,Safe
2026-10-25,ST08,SKU041,Safe,Safe
2026-10-26,ST08,SKU041,Safe,Safe
2026-10-27,ST08,SKU041,Safe,Safe
2026-10-28,ST08,SKU041,Safe,Safe
2026-10-29,ST08,SKU041,At-Risk,At-Risk
2026-10-30,ST08,SKU041,At-Risk,At-Risk
2026-10-24,ST09,SKU041,Safe,Safe
2026-10-25,ST09,SKU041,Safe,Safe
2026-10-26,ST09,SKU041,Safe,Safe
2026-10-27,ST09,SKU041,Safe,Safe
2026-10-28,ST09,SKU041,Safe,Safe
2026-10-29,ST09,SKU041,Safe,Safe
2026-10-30,ST09,SKU041,Safe,Safe
2026-10-24,ST10,SKU041,Safe,Safe
2026-10-25,ST10,SKU041,Safe,Safe
2026-10-26,ST10,SKU041,Safe,Safe
2026-10-27,ST10,SKU041,Safe,Safe
2026-10-28,ST10,SKU041,Safe,Safe
2026-10-29,ST10,SKU041,Safe,Safe
2026-10-30,ST10,SKU041,Safe,Safe
2026-10-24,ST11,SKU041,Safe,Safe
2026-10-25,ST11,SKU041,Safe,Safe
2026-10-26,ST11,SKU041,Safe,Safe
2026-10-27,ST11,SKU041,Safe,Safe
2026-10-28,ST11,SKU041,Safe,Safe
2026-10-29,ST11,SKU041,Safe,Safe
2026-10-30,ST11,SKU041,Safe,Safe
2026-10-24,ST12,SKU041,Safe,Safe
2026-10-25,ST12,SKU041,Safe,Safe
2026-10-26,ST12,SKU041,Safe,Safe
2026-10-27,ST12,SKU041,Safe,Safe
2026-10-28,ST12,SKU041,Safe,Safe
2026-10-29,ST12,SKU041,Safe,Safe
2026-10-30,ST12,SKU041,At-Risk,At-Risk
2026-10-24,ST01,SKU042,Safe,Safe
2026-10-25,ST01,SKU042,Safe,Safe
2026-10-26,ST01,SKU042,Safe,Safe
2026-10-27,ST01,SKU042,Safe,Safe
2026-10-28,ST01,SKU042,At-Risk,At-Risk
2026-10-29,ST01,SKU042,At-Risk,At-Risk
2026-10-30,ST01,SKU042,At-Risk,At-Risk
2026-10-24,ST02,SKU042,At-Risk,At-Risk
2026-10-25,ST02,SKU042,At-Risk,At-Risk
2026-10-26,ST02,SKU042,Safe,Safe
2026-10-27,ST02,SKU042,Safe,Safe
2026-10-28,ST02,SKU042,Safe,Safe
2026-10-29,ST02,SKU042,Safe,Safe
2026-10-30,ST02,SKU042,Safe,Safe
2026-10-24,ST03,SKU042,Safe,Safe
2026-10-25,ST03,SKU042,Safe,Safe
2026-10-26,ST03,SKU042,Safe,Safe
2026-10-27,ST03,SKU042,Safe,Safe
2026-10-28,ST03,SKU042,Safe,Safe
2026-10-29,ST03,SKU042,At-Risk,At-Risk
2026-10-30,ST03,SKU042,At-Risk,At-Risk
2026-10-24,ST04,SKU042,Safe,Safe
2026-10-25,ST04,SKU042,Safe,Safe
2026-10-26,ST04,SKU042,Safe,Safe
2026-10-27,ST04,SKU042,Safe,Safe
2026-10-28,ST04,SKU042,At-Risk,At-Risk
2026-10-29,ST04,SKU042,At-Risk,At-Risk
2026-10-30,ST04,SKU042,Imminent,At-Risk
2026-10-24,ST05,SKU042,Safe,Safe
2026-10-25,ST05,SKU042,Safe,Safe
2026-10-26,ST05,SKU042,Safe,Safe
2026-10-27,ST05,SKU042,Safe,Safe
2026-10-28,ST05,SKU042,Safe,Safe
2026-10-29,ST05,SKU042,Safe,Safe
2026-10-30,ST05,SKU042,Safe,Safe
2026-10-24,ST06,SKU042,Safe,Safe
2026-10-25,ST06,SKU042,Safe,Safe
2026-10-26,ST06,SKU042,Safe,Safe
2026-10-27,ST06,SKU042,Safe,Safe
2026-10-28,ST06,SKU042,Safe,Safe
2026-10-29,ST06,SKU042,Safe,Safe
2026-10-30,ST06,SKU042,Safe,Safe
2026-10-24,ST07,SKU042,Safe,Safe
2026-10-25,ST07,SKU042,Safe,Safe
2026-10-26,ST07,SKU042,At-Risk,At-Risk
2026-10-27,ST07,SKU042,At-Risk,At-Risk
2026-10-28,ST07,SKU042,At-Risk,At-Risk
2026-10-29,ST07,SKU042,Imminent,At-Risk
2026-10-30,ST07,SKU042,Imminent,At-Risk
2026-10-24,ST08,SKU042,Safe,Safe
2026-10-25,ST08,SKU042,Safe,Safe
2026-10-26,ST08,SKU042,Safe,Safe
2026-10-27,ST08,SKU042,At-Risk,At-Risk
2026-10-28,ST08,SKU042,At-Risk,At-Risk
2026-10-29,ST08,SKU042,At-Risk,At-Risk
2026-10-30,ST08,SKU042,Imminent,At-Risk
2026-10-24,ST09,SKU042,Safe,Safe
2026-10-25,ST09,SKU042,Safe,Safe
2026-10-26,ST09,SKU042,Safe,Safe
2026-10-27,ST09,SKU042,Safe,Safe
2026-10-28,ST09,SKU042,Safe,Safe
2026-10-29,ST09,SKU042,Safe,Safe
2026-10-30,ST09,SKU042,Safe,Safe
2026-10-24,ST10,SKU042,Imminent,Imminent
2026-10-25,ST10,SKU042,Imminent,Imminent
2026-10-26,ST10,SKU042,Imminent,Imminent
2026-10-27,ST10,SKU042,Imminent,Imminent
2026-10-28,ST10,SKU042,Safe,Safe
2026-10-29,ST10,SKU042,Safe,Safe
2026-10-30,ST10,SKU042,Safe,Safe
2026-10-24,ST11,SKU042,Imminent,Imminent
2026-10-25,ST11,SKU042,Imminent,Imminent
2026-10-26,ST11,SKU042,Safe,Safe
2026-10-27,ST11,SKU042,Safe,Safe
2026-10-28,ST11,SKU042,Safe,Safe
2026-10-29,ST11,SKU042,Safe,Safe
2026-10-30,ST11,SKU042,Safe,Safe
2026-10-24,ST12,SKU042,Safe,Safe
2026-10-25,ST12,SKU042,Safe,Safe
2026-10-26,ST12,SKU042,Safe,Safe
2026-10-27,ST12,SKU042,Safe,Safe
2026-10-28,ST12,SKU042,Safe,Safe
2026-10-29,ST12,SKU042,Safe,Safe
2026-10-30,ST12,SKU042,Safe,Safe
2026-10-24,ST01,SKU043,Safe,Safe
2026-10-25,ST01,SKU043,Safe,Safe
2026-10-26,ST01,SKU043,Safe,Safe
2026-10-27,ST01,SKU043,Safe,Safe
2026-10-28,ST01,SKU043,Safe,Safe
2026-10-29,ST01,SKU043,At-Risk,At-Risk
2026-10-30,ST01,SKU043,At-Risk,At-Risk
2026-10-24,ST02,SKU043,At-Risk,At-Risk
2026-10-25,ST02,SKU043,Safe,Safe
2026-10-26,ST02,SKU043,Safe,Safe
2026-10-27,ST02,SKU043,Safe,Safe
2026-10-28,ST02,SKU043,Safe,Safe
2026-10-29,ST02,SKU043,Safe,Safe
2026-10-30,ST02,SKU043,Safe,Safe
2026-10-24,ST03,SKU043,Safe,Safe
2026-10-25,ST03,SKU043,Safe,Safe
2026-10-26,ST03,SKU043,Safe,Safe
2026-10-27,ST03,SKU043,Safe,Safe
2026-10-28,ST03,SKU043,Safe,Safe
2026-10-29,ST03,SKU043,Safe,Safe
2026-10-30,ST03,SKU043,Safe,Safe
2026-10-24,ST04,SKU043,Safe,Safe
2026-10-25,ST04,SKU043,Safe,Safe
2026-10-26,ST04,SKU043,Safe,Safe
2026-10-27,ST04,SKU043,Safe,Safe
2026-10-28,ST04,SKU043,Safe,Safe
2026-10-29,ST04,SKU043,At-Risk,At-Risk
2026-10-30,ST04,SKU043,At-Risk,At-Risk
2026-10-24,ST05,SKU043,Safe,Safe
2026-10-25,ST05,SKU043,Safe,Safe
2026-10-26,ST05,SKU043,Safe,Safe
2026-10-27,ST05,SKU043,Safe,Safe
2026-10-28,ST05,SKU043,Safe,Safe
2026-10-29,ST05,SKU043,Safe,Safe
2026-10-30,ST05,SKU043,Safe,Safe
2026-10-24,ST06,SKU043,At-Risk,At-Risk
2026-10-25,ST06,SKU043,At-Risk,Imminent
2026-10-26,ST06,SKU043,Safe,Safe
2026-10-27,ST06,SKU043,Safe,Safe
2026-10-28,ST06,SKU043,Safe,Safe
2026-10-29,ST06,SKU043,Safe,Safe
2026-10-30,ST06,SKU043,Safe,Safe
2026-10-24,ST07,SKU043,Safe,Safe
2026-10-25,ST07,SKU043,Safe,Safe
2026-10-26,ST07,SKU043,Safe,Safe
2026-10-27,ST07,SKU043,Safe,Safe
2026-10-28,ST07,SKU043,Safe,Safe
2026-10-29,ST07,SKU043,Safe,Safe
2026-10-30,ST07,SKU043,Safe,Safe
2026-10-24,ST08,SKU043,Safe,Safe
2026-10-25,ST08,SKU043,Safe,Safe
2026-10-26,ST08,SKU043,Safe,Safe
2026-10-27,ST08,SKU043,At-Risk,At-Risk
2026-10-28,ST08,SKU043,At-Risk,At-Risk
2026-10-29,ST08,SKU043,At-Risk,At-Risk
2026-10-30,ST08,SKU043,At-Risk,At-Risk
2026-10-24,ST09,SKU043,Safe,Safe
2026-10-25,ST09,SKU043,Safe,Safe
2026-10-26,ST09,SKU043,Safe,Safe
2026-10-27,ST09,SKU043,Safe,Safe
2026-10-28,ST09,SKU043,Safe,Safe
2026-10-29,ST09,SKU043,Safe,Safe
2026-10-30,ST09,SKU043,Safe,Safe
2026-10-24,ST10,SKU043,Safe,Safe
2026-10-25,ST10,SKU043,Safe,Safe
2026-10-26,ST10,SKU043,Safe,Safe
2026-10-27,ST10,SKU043,Safe,Safe
2026-10-28,ST10,SKU043,Safe,Safe
2026-10-29,ST10,SKU043,Safe,Safe
2026-10-30,ST10,SKU043,Safe,Safe
2026-10-24,ST11,SKU043,Safe,Safe
2026-10-25,ST11,SKU043,Safe,Safe
2026-10-26,ST11,SKU043,Safe,Safe
2026-10-27,ST11,SKU043,Safe,Safe
2026-10-28,ST11,SKU043,Safe,Safe
2026-10-29,ST11,SKU043,Safe,Safe
2026-10-30,ST11,SKU043,Safe,Safe
2026-10-24,ST12,SKU043,Safe,Safe
2026-10-25,ST12,SKU043,Safe,Safe
2026-10-26,ST12,SKU043,Safe,Safe
2026-10-27,ST12,SKU043,Safe,Safe
2026-10-28,ST12,SKU043,Safe,Safe
2026-10-29,ST12,SKU043,Safe,Safe
2026-10-30,ST12,SKU043,Safe,Safe
2026-10-24,ST01,SKU044,Safe,Safe
2026-10-25,ST01,SKU044,Safe,Safe
2026-10-26,ST01,SKU044,Safe,Safe
2026-10-27,ST01,SKU044,Safe,Safe
2026-10-28,ST01,SKU044,Safe,Safe
2026-10-29,ST01,SKU044,At-Risk,At-Risk
2026-10-30,ST01,SKU044,At-Risk,At-Risk
2026-10-24,ST02,SKU044,Safe,Safe
2026-10-25,ST02,SKU044,Safe,Safe
2026-10-26,ST02,SKU044,Safe,Safe
2026-10-27,ST02,SKU044,Safe,Safe
2026-10-28,ST02,SKU044,At-Risk,At-Risk
2026-10-29,ST02,SKU044,At-Risk,At-Risk
2026-10-30,ST02,SKU044,At-Risk,At-Risk
2026-10-24,ST03,SKU044,Safe,Safe
2026-10-25,ST03,SKU044,Safe,Safe
2026-10-26,ST03,SKU044,Safe,Safe
2026-10-27,ST03,SKU044,Safe,Safe
2026-10-28,ST03,SKU044,Safe,Safe
2026-10-29,ST03,SKU044,Safe,Safe
2026-10-30,ST03,SKU044,Safe,Safe
2026-10-24,ST04,SKU044,Imminent,Imminent
2026-10-25,ST04,SKU044,Imminent,Imminent
2026-10-26,ST04,SKU044,Imminent,Imminent
2026-10-27,ST04,SKU044,Safe,Safe
2026-10-28,ST04,SKU044,Safe,Safe
2026-10-29,ST04,SKU044,Safe,Safe
2026-10-30,ST04,SKU044,Safe,Safe
2026-10-24,ST05,SKU044,Safe,Safe
2026-10-25,ST05,SKU044,Safe,Safe
2026-10-26,ST05,SKU044,Safe,Safe
2026-10-27,ST05,SKU044,Safe,Safe
2026-10-28,ST05,SKU044,Safe,Safe
2026-10-29,ST05,SKU044,Imminent,At-Risk
2026-10-30,ST05,SKU044,Imminent,At-Risk
2026-10-24,ST06,SKU044,Safe,Safe
2026-10-25,ST06,SKU044,Safe,Safe
2026-10-26,ST06,SKU044,At-Risk,At-Risk
2026-10-27,ST06,SKU044,At-Risk,At-Risk
2026-10-28,ST06,SKU044,Imminent,Imminent
2026-10-29,ST06,SKU044,At-Risk,Imminent
2026-10-30,ST06,SKU044,At-Risk,Imminent
2026-10-24,ST07,SKU044,Safe,Safe
2026-10-25,ST07,SKU044,Safe,Safe
2026-10-26,ST07,SKU044,Safe,Safe
2026-10-27,ST07,SKU044,Safe,Safe
2026-10-28,ST07,SKU044,Safe,Safe
2026-10-29,ST07,SKU044,Safe,Safe
2026-10-30,ST07,SKU044,Safe,Safe
2026-10-24,ST08,SKU044,Safe,Safe
2026-10-25,ST08,SKU044,Safe,Safe
2026-10-26,ST08,SKU044,Safe,Safe
2026-10-27,ST08,SKU044,Safe,Safe
2026-10-28,ST08,SKU044,Safe,Safe
2026-10-29,ST08,SKU044,Safe,Safe
2026-10-30,ST08,SKU044,Safe,Safe
2026-10-24,ST09,SKU044,Safe,Safe
2026-10-25,ST09,SKU044,Safe,Safe
2026-10-26,ST09,SKU044,At-Risk,At-Risk
2026-10-27,ST09,SKU044,Imminent,Imminent
2026-10-28,ST09,SKU044,Imminent,Imminent
2026-10-29,ST09,SKU044,Imminent,Imminent
2026-10-30,ST09,SKU044,Imminent,Imminent
2026-10-24,ST10,SKU044,Safe,Safe
2026-10-25,ST10,SKU044,Safe,Safe
2026-10-26,ST10,SKU044,Safe,Safe
2026-10-27,ST10,SKU044,Safe,Safe
2026-10-28,ST10,SKU044,Safe,Safe
2026-10-29,ST10,SKU044,At-Risk,At-Risk
2026-10-30,ST10,SKU044,Imminent,At-Risk
2026-10-24,ST11,SKU044,Imminent,Imminent
2026-10-25,ST11,SKU044,Safe,Safe
2026-10-26,ST11,SKU044,Safe,Safe
2026-10-27,ST11,SKU044,Safe,Safe
2026-10-28,ST11,SKU044,Safe,Safe
2026-10-29,ST11,SKU044,Safe,Safe
2026-10-30,ST11,SKU044,Safe,Safe
2026-10-24,ST12,SKU044,At-Risk,At-Risk
2026-10-25,ST12,SKU044,At-Risk,Imminent
2026-10-26,ST12,SKU044,At-Risk,Imminent
2026-10-27,ST12,SKU044,Safe,Safe
2026-10-28,ST12,SKU044,Safe,Safe
2026-10-29,ST12,SKU044,Safe,Safe
2026-10-30,ST12,SKU044,Safe,Safe
2026-10-24,ST01,SKU045,Imminent,At-Risk
2026-10-25,ST01,SKU045,Imminent,Imminent
2026-10-26,ST01,SKU045,Imminent,Imminent
2026-10-27,ST01,SKU045,Safe,Safe
2026-10-28,ST01,SKU045,Safe,Safe
2026-10-29,ST01,SKU045,Safe,Safe
2026-10-30,ST01,SKU045,Safe,Safe
2026-10-24,ST02,SKU045,Safe,Safe
2026-10-25,ST02,SKU045,Safe,Safe
2026-10-26,ST02,SKU045,Safe,Safe
2026-10-27,ST02,SKU045,Safe,Safe
2026-10-28,ST02,SKU045,Safe,Safe
2026-10-29,ST02,SKU045,Safe,Safe
2026-10-30,ST02,SKU045,At-Risk,At-Risk
2026-10-24,ST03,SKU045,Safe,Safe
2026-10-25,ST03,SKU045,Safe,Safe
2026-10-26,ST03,SKU045,Safe,Safe
2026-10-27,ST03,SKU045,Safe,Safe
2026-10-28,ST03,SKU045,Safe,Safe
2026-10-29,ST03,SKU045,Safe,Safe
2026-10-30,ST03,SKU045,Safe,Safe
2026-10-24,ST04,SKU045,At-Risk,At-Risk
2026-10-25,ST04,SKU045,Imminent,At-Risk
2026-10-26,ST04,SKU045,Imminent,Imminent
2026-10-27,ST04,SKU045,Safe,Safe
2026-10-28,ST04,SKU045,Safe,Safe
2026-10-29,ST04,SKU045,Safe,Safe
2026-10-30,ST04,SKU045,Safe,Safe
2026-10-24,ST05,SKU045,Safe,Safe
2026-10-25,ST05,SKU045,Safe,Safe
2026-10-26,ST05,SKU045,Safe,Safe
2026-10-27,ST05,SKU045,Safe,Safe
2026-10-28,ST05,SKU045,Safe,Safe
2026-10-29,ST05,SKU045,Safe,Safe
2026-10-30,ST05,SKU045,Safe,Safe
2026-10-24,ST06,SKU045,Safe,Safe
2026-10-25,ST06,SKU045,Safe,Safe
2026-10-26,ST06,SKU045,Safe,Safe
2026-10-27,ST06,SKU045,Safe,Safe
2026-10-28,ST06,SKU045,Safe,Safe
2026-10-29,ST06,SKU045,Safe,Safe
2026-10-30,ST06,SKU045,Safe,Safe
2026-10-24,ST07,SKU045,At-Risk,At-Risk
2026-10-25,ST07,SKU045,At-Risk,At-Risk
2026-10-26,ST07,SKU045,Safe,Safe
2026-10-27,ST07,SKU045,Safe,Safe
2026-10-28,ST07,SKU045,Safe,Safe
2026-10-29,ST07,SKU045,Safe,Safe
2026-10-30,ST07,SKU045,Safe,Safe
2026-10-24,ST08,SKU045,At-Risk,At-Risk
2026-10-25,ST08,SKU045,At-Risk,At-Risk
2026-10-26,ST08,SKU045,Safe,Safe
2026-10-27,ST08,SKU045,Safe,Safe
2026-10-28,ST08,SKU045,Safe,Safe
2026-10-29,ST08,SKU045,Safe,Safe
2026-10-30,ST08,SKU045,Safe,Safe
2026-10-24,ST09,SKU045,At-Risk,At-Risk
2026-10-25,ST09,SKU045,Safe,Safe
2026-10-26,ST09,SKU045,Safe,Safe
2026-10-27,ST09,SKU045,Safe,Safe
2026-10-28,ST09,SKU045,Safe,Safe
2026-10-29,ST09,SKU045,Safe,Safe
2026-10-30,ST09,SKU045,Safe,Safe
2026-10-24,ST10,SKU045,Safe,Safe
2026-10-25,ST10,SKU045,Safe,Safe
2026-10-26,ST10,SKU045,Safe,Safe
2026-10-27,ST10,SKU045,Safe,Safe
2026-10-28,ST10,SKU045,Safe,Safe
2026-10-29,ST10,SKU045,Safe,Safe
2026-10-30,ST10,SKU045,Safe,Safe
2026-10-24,ST11,SKU045,Safe,Safe
2026-10-25,ST11,SKU045,Safe,Safe
2026-10-26,ST11,SKU045,Safe,Safe
2026-10-27,ST11,SKU045,Safe,Safe
2026-10-28,ST11,SKU045,Safe,Safe
2026-10-29,ST11,SKU045,Safe,Safe
2026-10-30,ST11,SKU045,Safe,Safe
2026-10-24,ST12,SKU045,Safe,Safe
2026-10-25,ST12,SKU045,Safe,Safe
2026-10-26,ST12,SKU045,Safe,Safe
2026-10-27,ST12,SKU045,Safe,Safe
2026-10-28,ST12,SKU045,Safe,Safe
2026-10-29,ST12,SKU045,At-Risk,At-Risk
2026-10-30,ST12,SKU045,At-Risk,At-Risk
2026-10-24,ST01,SKU046,Imminent,Imminent
2026-10-25,ST01,SKU046,Imminent,Imminent
2026-10-26,ST01,SKU046,Safe,Safe
2026-10-27,ST01,SKU046,Safe,Safe
2026-10-28,ST01,SKU046,Safe,Safe
2026-10-29,ST01,SKU046,Safe,Safe
2026-10-30,ST01,SKU046,Safe,Safe
2026-10-24,ST02,SKU046,Safe,Safe
2026-10-25,ST02,SKU046,Safe,Safe
2026-10-26,ST02,SKU046,Safe,Safe
2026-10-27,ST02,SKU046,Safe,Safe
2026-10-28,ST02,SKU046,At-Risk,At-Risk
2026-10-29,ST02,SKU046,At-Risk,At-Risk
2026-10-30,ST02,SKU046,At-Risk,At-Risk
2026-10-24,ST03,SKU046,Safe,Safe
2026-10-25,ST03,SKU046,Safe,Safe
2026-10-26,ST03,SKU046,Safe,Safe
2026-10-27,ST03,SKU046,Safe,Safe
2026-10-28,ST03,SKU046,Safe,Safe
2026-10-29,ST03,SKU046,Safe,Safe
2026-10-30,ST03,SKU046,Safe,Safe
2026-10-24,ST04,SKU046,Safe,Safe
2026-10-25,ST04,SKU046,Safe,Safe
2026-10-26,ST04,SKU046,At-Risk,At-Risk
2026-10-27,ST04,SKU046,At-Risk,At-Risk
2026-10-28,ST04,SKU046,At-Risk,At-Risk
2026-10-29,ST04,SKU046,At-Risk,At-Risk
2026-10-30,ST04,SKU046,At-Risk,At-Risk
2026-10-24,ST05,SKU046,Safe,Safe
2026-10-25,ST05,SKU046,Safe,Safe
2026-10-26,ST05,SKU046,Safe,Safe
2026-10-27,ST05,SKU046,At-Risk,At-Risk
2026-10-28,ST05,SKU046,At-Risk,At-Risk
2026-10-29,ST05,SKU046,At-Risk,At-Risk
2026-10-30,ST05,SKU046,Safe,Safe
2026-10-24,ST06,SKU046,Safe,Safe
2026-10-25,ST06,SKU046,Safe,Safe
2026-10-26,ST06,SKU046,Safe,Safe
2026-10-27,ST06,SKU046,At-Risk,At-Risk
2026-10-28,ST06,SKU046,At-Risk,At-Risk
2026-10-29,ST06,SKU046,At-Risk,At-Risk
2026-10-30,ST06,SKU046,At-Risk,At-Risk
2026-10-24,ST07,SKU046,Imminent,Imminent
2026-10-25,ST07,SKU046,Imminent,Imminent
2026-10-26,ST07,SKU046,Imminent,Imminent
2026-10-27,ST07,SKU046,Imminent,Imminent
2026-10-28,ST07,SKU046,Imminent,Imminent
2026-10-29,ST07,SKU046,Imminent,Imminent
2026-10-30,ST07,SKU046,Safe,Safe
2026-10-24,ST08,SKU046,Imminent,Imminent
2026-10-25,ST08,SKU046,Imminent,Imminent
2026-10-26,ST08,SKU046,Imminent,Imminent
2026-10-27,ST08,SKU046,Safe,Safe
2026-10-28,ST08,SKU046,Safe,Safe
2026-10-29,ST08,SKU046,Safe,Safe
2026-10-30,ST08,SKU046,Safe,Safe
2026-10-24,ST09,SKU046,Safe,Safe
2026-10-25,ST09,SKU046,Safe,Safe
2026-10-26,ST09,SKU046,Safe,Safe
2026-10-27,ST09,SKU046,Safe,Safe
2026-10-28,ST09,SKU046,Safe,Safe
2026-10-29,ST09,SKU046,Safe,Safe
2026-10-30,ST09,SKU046,Safe,Safe
2026-10-24,ST10,SKU046,Safe,Safe
2026-10-25,ST10,SKU046,Safe,Safe
2026-10-26,ST10,SKU046,Safe,Safe
2026-10-27,ST10,SKU046,Safe,Safe
2026-10-28,ST10,SKU046,Safe,Safe
2026-10-29,ST10,SKU046,Safe,Safe
2026-10-30,ST10,SKU046,Safe,Safe
2026-10-24,ST11,SKU046,Safe,Safe
2026-10-25,ST11,SKU046,Safe,Safe
2026-10-26,ST11,SKU046,Safe,Safe
2026-10-27,ST11,SKU046,Safe,Safe
2026-10-28,ST11,SKU046,Safe,Safe
2026-10-29,ST11,SKU046,Safe,Safe
2026-10-30,ST11,SKU046,Safe,Safe
2026-10-24,ST12,SKU046,Imminent,At-Risk
2026-10-25,ST12,SKU046,Imminent,Imminent
2026-10-26,ST12,SKU046,Imminent,Imminent
2026-10-27,ST12,SKU046,Imminent,Imminent
2026-10-28,ST12,SKU046,Safe,Safe
2026-10-29,ST12,SKU046,Safe,Safe
2026-10-30,ST12,SKU046,Safe,Safe
2026-10-24,ST01,SKU047,Imminent,At-Risk
2026-10-25,ST01,SKU047,Imminent,Imminent
2026-10-26,ST01,SKU047,Safe,Safe
2026-10-27,ST01,SKU047,Safe,Safe
2026-10-28,ST01,SKU047,Safe,Safe
2026-10-29,ST01,SKU047,Safe,Safe
2026-10-30,ST01,SKU047,Safe,Safe
2026-10-24,ST02,SKU047,Safe,Safe
2026-10-25,ST02,SKU047,Safe,Safe
2026-10-26,ST02,SKU047,Safe,Safe
2026-10-27,ST02,SKU047,Safe,Safe
2026-10-28,ST02,SKU047,Safe,Safe
2026-10-29,ST02,SKU047,Safe,Safe
2026-10-30,ST02,SKU047,Safe,Safe
2026-10-24,ST03,SKU047,At-Risk,At-Risk
2026-10-25,ST03,SKU047,At-Risk,At-Risk
2026-10-26,ST03,SKU047,Imminent,At-Risk
2026-10-27,ST03,SKU047,Imminent,At-Risk
2026-10-28,ST03,SKU047,Imminent,At-Risk
2026-10-29,ST03,SKU047,Imminent,Imminent
2026-10-30,ST03,SKU047,Safe,Safe
2026-10-24,ST04,SKU047,Safe,Safe
2026-10-25,ST04,SKU047,Safe,Safe
2026-10-26,ST04,SKU047,Safe,Safe
2026-10-27,ST04,SKU047,Safe,Safe
2026-10-28,ST04,SKU047,Safe,Safe
2026-10-29,ST04,SKU047,At-Risk,At-Risk
2026-10-30,ST04,SKU047,At-Risk,At-Risk
2026-10-24,ST05,SKU047,Safe,Safe
2026-10-25,ST05,SKU047,Safe,Safe
2026-10-26,ST05,SKU047,Safe,Safe
2026-10-27,ST05,SKU047,Safe,Safe
2026-10-28,ST05,SKU047,Safe,Safe
2026-10-29,ST05,SKU047,At-Risk,At-Risk
2026-10-30,ST05,SKU047,At-Risk,At-Risk
2026-10-24,ST06,SKU047,At-Risk,At-Risk
2026-10-25,ST06,SKU047,At-Risk,At-Risk
2026-10-26,ST06,SKU047,Safe,Safe
2026-10-27,ST06,SKU047,Safe,Safe
2026-10-28,ST06,SKU047,Safe,Safe
2026-10-29,ST06,SKU047,Safe,Safe
2026-10-30,ST06,SKU047,Safe,Safe
2026-10-24,ST07,SKU047,At-Risk,At-Risk
2026-10-25,ST07,SKU047,At-Risk,At-Risk
2026-10-26,ST07,SKU047,At-Risk,At-Risk
2026-10-27,ST07,SKU047,Safe,Safe
2026-10-28,ST07,SKU047,Safe,Safe
2026-10-29,ST07,SKU047,Safe,Safe
2026-10-30,ST07,SKU047,Safe,Safe
2026-10-24,ST08,SKU047,Imminent,At-Risk
2026-10-25,ST08,SKU047,Imminent,At-Risk
2026-10-26,ST08,SKU047,Imminent,At-Risk
2026-10-27,ST08,SKU047,Imminent,Imminent
2026-10-28,ST08,SKU047,Safe,Safe
2026-10-29,ST08,SKU047,Safe,Safe
2026-10-30,ST08,SKU047,Safe,Safe
2026-10-24,ST09,SKU047,Safe,Safe
2026-10-25,ST09,SKU047,Safe,Safe
2026-10-26,ST09,SKU047,Safe,Safe
2026-10-27,ST09,SKU047,Safe,Safe
2026-10-28,ST09,SKU047,Safe,Safe
2026-10-29,ST09,SKU047,Safe,Safe
2026-10-30,ST09,SKU047,Safe,Safe
2026-10-24,ST10,SKU047,Safe,Safe
2026-10-25,ST10,SKU047,Safe,Safe
2026-10-26,ST10,SKU047,Safe,Safe
2026-10-27,ST10,SKU047,Safe,Safe
2026-10-28,ST10,SKU047,Safe,Safe
2026-10-29,ST10,SKU047,Safe,Safe
2026-10-30,ST10,SKU047,Safe,Safe
2026-10-24,ST11,SKU047,Safe,Safe
2026-10-25,ST11,SKU047,Safe,Safe
2026-10-26,ST11,SKU047,At-Risk,At-Risk
2026-10-27,ST11,SKU047,Safe,At-Risk
2026-10-28,ST11,SKU047,Safe,Safe
2026-10-29,ST11,SKU047,Safe,Safe
2026-10-30,ST11,SKU047,Safe,Safe
2026-10-24,ST12,SKU047,Safe,Safe
2026-10-25,ST12,SKU047,Safe,Safe
2026-10-26,ST12,SKU047,Safe,Safe
2026-10-27,ST12,SKU047,Safe,Safe
2026-10-28,ST12,SKU047,Safe,Safe
2026-10-29,ST12,SKU047,At-Risk,At-Risk
2026-10-30,ST12,SKU047,At-Risk,At-Risk
2026-10-24,ST01,SKU048,Safe,Safe
2026-10-25,ST01,SKU048,Safe,Safe
2026-10-26,ST01,SKU048,Safe,Safe
2026-10-27,ST01,SKU048,Safe,Safe
2026-10-28,ST01,SKU048,Safe,Safe
2026-10-29,ST01,SKU048,Safe,Safe
2026-10-30,ST01,SKU048,Safe,Safe
2026-10-24,ST02,SKU048,Safe,Safe
2026-10-25,ST02,SKU048,Safe,Safe
2026-10-26,ST02,SKU048,Safe,Safe
2026-10-27,ST02,SKU048,Safe,Safe
2026-10-28,ST02,SKU048,Safe,Safe
2026-10-29,ST02,SKU048,Safe,Safe
2026-10-30,ST02,SKU048,Safe,Safe
2026-10-24,ST03,SKU048,Safe,Safe
2026-10-25,ST03,SKU048,Safe,Safe
2026-10-26,ST03,SKU048,Safe,Safe
2026-10-27,ST03,SKU048,At-Risk,At-Risk
2026-10-28,ST03,SKU048,At-Risk,At-Risk
2026-10-29,ST03,SKU048,At-Risk,At-Risk
2026-10-30,ST03,SKU048,At-Risk,At-Risk
2026-10-24,ST04,SKU048,Safe,Safe
2026-10-25,ST04,SKU048,Safe,Safe
2026-10-26,ST04,SKU048,Safe,Safe
2026-10-27,ST04,SKU048,Safe,Safe
2026-10-28,ST04,SKU048,At-Risk,At-Risk
2026-10-29,ST04,SKU048,At-Risk,At-Risk
2026-10-30,ST04,SKU048,At-Risk,At-Risk
2026-10-24,ST05,SKU048,Safe,Safe
2026-10-25,ST05,SKU048,Safe,Safe
2026-10-26,ST05,SKU048,Safe,Safe
2026-10-27,ST05,SKU048,At-Risk,At-Risk
2026-10-28,ST05,SKU048,At-Risk,At-Risk
2026-10-29,ST05,SKU048,At-Risk,At-Risk
2026-10-30,ST05,SKU048,At-Risk,At-Risk
2026-10-24,ST06,SKU048,Safe,Safe
2026-10-25,ST06,SKU048,Safe,Safe
2026-10-26,ST06,SKU048,At-Risk,At-Risk
2026-10-27,ST06,SKU048,At-Risk,At-Risk
2026-10-28,ST06,SKU048,At-Risk,At-Risk
2026-10-29,ST06,SKU048,At-Risk,At-Risk
2026-10-30,ST06,SKU048,At-Risk,At-Risk
2026-10-24,ST07,SKU048,At-Risk,At-Risk
2026-10-25,ST07,SKU048,At-Risk,At-Risk
2026-10-26,ST07,SKU048,Imminent,Imminent
2026-10-27,ST07,SKU048,Safe,Safe
2026-10-28,ST07,SKU048,Safe,Safe
2026-10-29,ST07,SKU048,Safe,Safe
2026-10-30,ST07,SKU048,Safe,Safe
2026-10-24,ST08,SKU048,Imminent,Imminent
2026-10-25,ST08,SKU048,Safe,Safe
2026-10-26,ST08,SKU048,At-Risk,At-Risk
2026-10-27,ST08,SKU048,At-Risk,At-Risk
2026-10-28,ST08,SKU048,At-Risk,At-Risk
2026-10-29,ST08,SKU048,At-Risk,At-Risk
2026-10-30,ST08,SKU048,At-Risk,At-Risk
2026-10-24,ST09,SKU048,At-Risk,Imminent
2026-10-25,ST09,SKU048,Imminent,Imminent
2026-10-26,ST09,SKU048,Safe,Safe
2026-10-27,ST09,SKU048,Safe,Safe
2026-10-28,ST09,SKU048,Safe,Safe
2026-10-29,ST09,SKU048,Safe,Safe
2026-10-30,ST09,SKU048,Safe,Safe
2026-10-24,ST10,SKU048,Safe,Safe
2026-10-25,ST10,SKU048,Safe,Safe
2026-10-26,ST10,SKU048,At-Risk,At-Risk
2026-10-27,ST10,SKU048,At-Risk,At-Risk
2026-10-28,ST10,SKU048,Imminent,At-Risk
2026-10-29,ST10,SKU048,Imminent,At-Risk
2026-10-30,ST10,SKU048,Imminent,At-Risk
2026-10-24,ST11,SKU048,Safe,At-Risk
2026-10-25,ST11,SKU048,Safe,Safe
2026-10-26,ST11,SKU048,At-Risk,Imminent
2026-10-27,ST11,SKU048,Safe,Safe
2026-10-28,ST11,SKU048,Safe,Safe
2026-10-29,ST11,SKU048,Safe,Safe
2026-10-30,ST11,SKU048,Safe,Safe
2026-10-24,ST12,SKU048,Safe,Safe
2026-10-25,ST12,SKU048,Safe,Safe
2026-10-26,ST12,SKU048,Safe,Safe
2026-10-27,ST12,SKU048,Safe,Safe
2026-10-28,ST12,SKU048,Safe,Safe
2026-10-29,ST12,SKU048,Safe,Safe
2026-10-30,ST12,SKU048,At-Risk,At-Risk
2026-10-24,ST01,SKU049,Safe,Safe
2026-10-25,ST01,SKU049,Safe,Safe
2026-10-26,ST01,SKU049,Safe,Safe
2026-10-27,ST01,SKU049,Safe,Safe
2026-10-28,ST01,SKU049,Safe,Safe
2026-10-29,ST01,SKU049,At-Risk,At-Risk
2026-10-30,ST01,SKU049,At-Risk,At-Risk
2026-10-24,ST02,SKU049,Safe,Safe
2026-10-25,ST02,SKU049,Safe,Safe
2026-10-26,ST02,SKU049,At-Risk,At-Risk
2026-10-27,ST02,SKU049,At-Risk,At-Risk
2026-10-28,ST02,SKU049,At-Risk,At-Risk
2026-10-29,ST02,SKU049,At-Risk,At-Risk
2026-10-30,ST02,SKU049,At-Risk,At-Risk
2026-10-24,ST03,SKU049,Safe,Safe
2026-10-25,ST03,SKU049,Safe,Safe
2026-10-26,ST03,SKU049,Safe,Safe
2026-10-27,ST03,SKU049,Safe,Safe
2026-10-28,ST03,SKU049,At-Risk,At-Risk
2026-10-29,ST03,SKU049,At-Risk,At-Risk
2026-10-30,ST03,SKU049,At-Risk,At-Risk
2026-10-24,ST04,SKU049,Safe,Safe
2026-10-25,ST04,SKU049,Safe,Safe
2026-10-26,ST04,SKU049,At-Risk,At-Risk
2026-10-27,ST04,SKU049,At-Risk,At-Risk
2026-10-28,ST04,SKU049,At-Risk,At-Risk
2026-10-29,ST04,SKU049,At-Risk,At-Risk
2026-10-30,ST04,SKU049,Safe,Safe
2026-10-24,ST05,SKU049,Safe,Safe
2026-10-25,ST05,SKU049,Safe,Safe
2026-10-26,ST05,SKU049,Safe,Safe
2026-10-27,ST05,SKU049,At-Risk,At-Risk
2026-10-28,ST05,SKU049,At-Risk,At-Risk
2026-10-29,ST05,SKU049,At-Risk,At-Risk
2026-10-30,ST05,SKU049,At-Risk,At-Risk
2026-10-24,ST06,SKU049,Safe,Safe
2026-10-25,ST06,SKU049,Safe,Safe
2026-10-26,ST06,SKU049,Safe,Safe
2026-10-27,ST06,SKU049,Safe,Safe
2026-10-28,ST06,SKU049,Safe,Safe
2026-10-29,ST06,SKU049,Safe,Safe
2026-10-30,ST06,SKU049,Safe,Safe
2026-10-24,ST07,SKU049,Safe,Safe
2026-10-25,ST07,SKU049,At-Risk,At-Risk
2026-10-26,ST07,SKU049,At-Risk,At-Risk
2026-10-27,ST07,SKU049,At-Risk,At-Risk
2026-10-28,ST07,SKU049,At-Risk,At-Risk
2026-10-29,ST07,SKU049,Safe,Safe
2026-10-30,ST07,SKU049,Safe,Safe
2026-10-24,ST08,SKU049,Safe,Safe
2026-10-25,ST08,SKU049,At-Risk,At-Risk
2026-10-26,ST08,SKU049,At-Risk,At-Risk
2026-10-27,ST08,SKU049,At-Risk,At-Risk
2026-10-28,ST08,SKU049,Imminent,At-Risk
2026-10-29,ST08,SKU049,At-Risk,At-Risk
2026-10-30,ST08,SKU049,At-Risk,At-Risk
2026-10-24,ST09,SKU049,At-Risk,At-Risk
2026-10-25,ST09,SKU049,Safe,Safe
2026-10-26,ST09,SKU049,Safe,Safe
2026-10-27,ST09,SKU049,Safe,Safe
2026-10-28,ST09,SKU049,At-Risk,At-Risk
2026-10-29,ST09,SKU049,At-Risk,At-Risk
2026-10-30,ST09,SKU049,At-Risk,At-Risk
2026-10-24,ST10,SKU049,Safe,Safe
2026-10-25,ST10,SKU049,Safe,Safe
2026-10-26,ST10,SKU049,Safe,Safe
2026-10-27,ST10,SKU049,Safe,Safe
2026-10-28,ST10,SKU049,Safe,Safe
2026-10-29,ST10,SKU049,Safe,Safe
2026-10-30,ST10,SKU049,Safe,Safe
2026-10-24,ST11,SKU049,Safe,Safe
2026-10-25,ST11,SKU049,Safe,Safe
2026-10-26,ST11,SKU049,At-Risk,At-Risk
2026-10-27,ST11,SKU049,At-Risk,At-Risk
2026-10-28,ST11,SKU049,At-Risk,At-Risk
2026-10-29,ST11,SKU049,At-Risk,At-Risk
2026-10-30,ST11,SKU049,Safe,Safe
2026-10-24,ST12,SKU049,Safe,Safe
2026-10-25,ST12,SKU049,Safe,Safe
2026-10-26,ST12,SKU049,Safe,Safe
2026-10-27,ST12,SKU049,Safe,Safe
2026-10-28,ST12,SKU049,Safe,Safe
2026-10-29,ST12,SKU049,Safe,Safe
2026-10-30,ST12,SKU049,At-Risk,At-Risk
2026-10-24,ST01,SKU050,Safe,Safe
2026-10-25,ST01,SKU050,Safe,Safe
2026-10-26,ST01,SKU050,At-Risk,At-Risk
2026-10-27,ST01,SKU050,At-Risk,At-Risk
2026-10-28,ST01,SKU050,At-Risk,At-Risk
2026-10-29,ST01,SKU050,At-Risk,At-Risk
2026-10-30,ST01,SKU050,At-Risk,At-Risk
2026-10-24,ST02,SKU050,Safe,Safe
2026-10-25,ST02,SKU050,Safe,Safe
2026-10-26,ST02,SKU050,Safe,Safe
2026-10-27,ST02,SKU050,Safe,Safe
2026-10-28,ST02,SKU050,Safe,Safe
2026-10-29,ST02,SKU050,At-Risk,At-Risk
2026-10-30,ST02,SKU050,At-Risk,At-Risk
2026-10-24,ST03,SKU050,Safe,Safe
2026-10-25,ST03,SKU050,Safe,Safe
2026-10-26,ST03,SKU050,Safe,Safe
2026-10-27,ST03,SKU050,Safe,Safe
2026-10-28,ST03,SKU050,Safe,Safe
2026-10-29,ST03,SKU050,Safe,Safe
2026-10-30,ST03,SKU050,Safe,Safe
2026-10-24,ST04,SKU050,Safe,Safe
2026-10-25,ST04,SKU050,Safe,Safe
2026-10-26,ST04,SKU050,Safe,Safe
2026-10-27,ST04,SKU050,Safe,Safe
2026-10-28,ST04,SKU050,Safe,Safe
2026-10-29,ST04,SKU050,At-Risk,At-Risk
2026-10-30,ST04,SKU050,At-Risk,At-Risk
2026-10-24,ST05,SKU050,Safe,Safe
2026-10-25,ST05,SKU050,Safe,Safe
2026-10-26,ST05,SKU050,Safe,Safe
2026-10-27,ST05,SKU050,Safe,Safe
2026-10-28,ST05,SKU050,Safe,Safe
2026-10-29,ST05,SKU050,Safe,Safe
2026-10-30,ST05,SKU050,Safe,Safe
2026-10-24,ST06,SKU050,Safe,Safe
2026-10-25,ST06,SKU050,Safe,Safe
2026-10-26,ST06,SKU050,Safe,Safe
2026-10-27,ST06,SKU050,Safe,Safe
2026-10-28,ST06,SKU050,Safe,Safe
2026-10-29,ST06,SKU050,Safe,Safe
2026-10-30,ST06,SKU050,Safe,Safe
2026-10-24,ST07,SKU050,At-Risk,At-Risk
2026-10-25,ST07,SKU050,At-Risk,At-Risk
2026-10-26,ST07,SKU050,Safe,Safe
2026-10-27,ST07,SKU050,Safe,Safe
2026-10-28,ST07,SKU050,Safe,Safe
2026-10-29,ST07,SKU050,Safe,Safe
2026-10-30,ST07,SKU050,Safe,Safe
2026-10-24,ST08,SKU050,Safe,Safe
2026-10-25,ST08,SKU050,Safe,Safe
2026-10-26,ST08,SKU050,Safe,Safe
2026-10-27,ST08,SKU050,Safe,Safe
2026-10-28,ST08,SKU050,Safe,Safe
2026-10-29,ST08,SKU050,Safe,At-Risk
2026-10-30,ST08,SKU050,Safe,Safe
2026-10-24,ST09,SKU050,Safe,Safe
2026-10-25,ST09,SKU050,Safe,Safe
2026-10-26,ST09,SKU050,At-Risk,At-Risk
2026-10-27,ST09,SKU050,At-Risk,At-Risk
2026-10-28,ST09,SKU050,At-Risk,At-Risk
2026-10-29,ST09,SKU050,At-Risk,At-Risk
2026-10-30,ST09,SKU050,At-Risk,At-Risk
2026-10-24,ST10,SKU050,Safe,Safe
2026-10-25,ST10,SKU050,At-Risk,At-Risk
2026-10-26,ST10,SKU050,At-Risk,At-Risk
2026-10-27,ST10,SKU050,At-Risk,At-Risk
2026-10-28,ST10,SKU050,Imminent,At-Risk
2026-10-29,ST10,SKU050,Imminent,At-Risk
2026-10-30,ST10,SKU050,Imminent,Imminent
2026-10-24,ST11,SKU050,Safe,Safe
2026-10-25,ST11,SKU050,Safe,Safe
2026-10-26,ST11,SKU050,Safe,Safe
2026-10-27,ST11,SKU050,Safe,Safe
2026-10-28,ST11,SKU050,Safe,Safe
2026-10-29,ST11,SKU050,Safe,Safe
2026-10-30,ST11,SKU050,Safe,Safe
2026-10-24,ST12,SKU050,At-Risk,At-Risk
2026-10-25,ST12,SKU050,At-Risk,At-Risk
2026-10-26,ST12,SKU050,Safe,Safe
2026-10-27,ST12,SKU050,Safe,Safe
2026-10-28,ST12,SKU050,Safe,Safe
2026-10-29,ST12,SKU050,Safe,Safe
2026-10-30,ST12,SKU050,Safe,Safe
2026-10-24,ST01,SKU051,At-Risk,At-Risk
2026-10-25,ST01,SKU051,Safe,Safe
2026-10-26,ST01,SKU051,Safe,Safe
2026-10-27,ST01,SKU051,Safe,Safe
2026-10-28,ST01,SKU051,Safe,Safe
2026-10-29,ST01,SKU051,Safe,Safe
2026-10-30,ST01,SKU051,Safe,Safe
2026-10-24,ST02,SKU051,Safe,Safe
2026-10-25,ST02,SKU051,Safe,Safe
2026-10-26,ST02,SKU051,Safe,Safe
2026-10-27,ST02,SKU051,Safe,Safe
2026-10-28,ST02,SKU051,At-Risk,At-Risk
2026-10-29,ST02,SKU051,Imminent,Imminent
2026-10-30,ST02,SKU051,Imminent,Imminent
2026-10-24,ST03,SKU051,Safe,Safe
2026-10-25,ST03,SKU051,Safe,Safe
2026-10-26,ST03,SKU051,Safe,Safe
2026-10-27,ST03,SKU051,Safe,Safe
2026-10-28,ST03,SKU051,At-Risk,At-Risk
2026-10-29,ST03,SKU051,At-Risk,At-Risk
2026-10-30,ST03,SKU051,At-Risk,At-Risk
2026-10-24,ST04,SKU051,Safe,Safe
2026-10-25,ST04,SKU051,Safe,Safe
2026-10-26,ST04,SKU051,At-Risk,At-Risk
2026-10-27,ST04,SKU051,At-Risk,At-Risk
2026-10-28,ST04,SKU051,Imminent,At-Risk
2026-10-29,ST04,SKU051,Imminent,Imminent
2026-10-30,ST04,SKU051,At-Risk,At-Risk
2026-10-24,ST05,SKU051,Safe,Safe
2026-10-25,ST05,SKU051,At-Risk,At-Risk
2026-10-26,ST05,SKU051,At-Risk,At-Risk
2026-10-27,ST05,SKU051,At-Risk,At-Risk
2026-10-28,ST05,SKU051,At-Risk,At-Risk
2026-10-29,ST05,SKU051,At-Risk,At-Risk
2026-10-30,ST05,SKU051,At-Risk,At-Risk
2026-10-24,ST06,SKU051,At-Risk,At-Risk
2026-10-25,ST06,SKU051,Imminent,Imminent
2026-10-26,ST06,SKU051,Safe,Safe
2026-10-27,ST06,SKU051,Safe,Safe
2026-10-28,ST06,SKU051,Safe,Safe
2026-10-29,ST06,SKU051,Safe,Safe
2026-10-30,ST06,SKU051,Safe,Safe
2026-10-24,ST07,SKU051,Imminent,At-Risk
2026-10-25,ST07,SKU051,Imminent,At-Risk
2026-10-26,ST07,SKU051,Imminent,Imminent
2026-10-27,ST07,SKU051,Imminent,Imminent
2026-10-28,ST07,SKU051,Imminent,Imminent
2026-10-29,ST07,SKU051,Safe,Safe
2026-10-30,ST07,SKU051,Safe,Safe
2026-10-24,ST08,SKU051,Safe,Safe
2026-10-25,ST08,SKU051,Safe,Safe
2026-10-26,ST08,SKU051,Safe,Safe
2026-10-27,ST08,SKU051,Safe,Safe
2026-10-28,ST08,SKU051,Safe,Safe
2026-10-29,ST08,SKU051,Safe,Safe
2026-10-30,ST08,SKU051,Safe,Safe
2026-10-24,ST09,SKU051,At-Risk,At-Risk
2026-10-25,ST09,SKU051,At-Risk,At-Risk
2026-10-26,ST09,SKU051,At-Risk,At-Risk
2026-10-27,ST09,SKU051,Safe,Safe
2026-10-28,ST09,SKU051,Safe,Safe
2026-10-29,ST09,SKU051,Safe,Safe
2026-10-30,ST09,SKU051,Safe,Safe
2026-10-24,ST10,SKU051,Safe,Safe
2026-10-25,ST10,SKU051,Safe,Safe
2026-10-26,ST10,SKU051,At-Risk,At-Risk
2026-10-27,ST10,SKU051,At-Risk,At-Risk
2026-10-28,ST10,SKU051,At-Risk,At-Risk
2026-10-29,ST10,SKU051,At-Risk,At-Risk
2026-10-30,ST10,SKU051,Safe,Safe
2026-10-24,ST11,SKU051,Safe,Safe
2026-10-25,ST11,SKU051,Safe,Safe
2026-10-26,ST11,SKU051,Safe,Safe
2026-10-27,ST11,SKU051,Safe,Safe
2026-10-28,ST11,SKU051,Safe,Safe
2026-10-29,ST11,SKU051,Safe,Safe
2026-10-30,ST11,SKU051,At-Risk,At-Risk
2026-10-24,ST12,SKU051,Safe,Safe
2026-10-25,ST12,SKU051,Safe,Safe
2026-10-26,ST12,SKU051,Safe,Safe
2026-10-27,ST12,SKU051,Safe,Safe
2026-10-28,ST12,SKU051,At-Risk,At-Risk
2026-10-29,ST12,SKU051,At-Risk,At-Risk
2026-10-30,ST12,SKU051,At-Risk,At-Risk
2026-10-24,ST01,SKU052,Safe,Safe
2026-10-25,ST01,SKU052,Safe,Safe
2026-10-26,ST01,SKU052,Safe,Safe
2026-10-27,ST01,SKU052,At-Risk,At-Risk
2026-10-28,ST01,SKU052,At-Risk,At-Risk
2026-10-29,ST01,SKU052,At-Risk,At-Risk
2026-10-30,ST01,SKU052,Imminent,At-Risk
2026-10-24,ST02,SKU052,Safe,Safe
2026-10-25,ST02,SKU052,Safe,Safe
2026-10-26,ST02,SKU052,At-Risk,At-Risk
2026-10-27,ST02,SKU052,At-Risk,At-Risk
2026-10-28,ST02,SKU052,Imminent,At-Risk
2026-10-29,ST02,SKU052,Imminent,At-Risk
2026-10-30,ST02,SKU052,Imminent,At-Risk
2026-10-24,ST03,SKU052,Safe,Safe
2026-10-25,ST03,SKU052,Safe,Safe
2026-10-26,ST03,SKU052,Safe,Safe
2026-10-27,ST03,SKU052,Safe,Safe
2026-10-28,ST03,SKU052,At-Risk,At-Risk
2026-10-29,ST03,SKU052,At-Risk,At-Risk
2026-10-30,ST03,SKU052,At-Risk,At-Risk
2026-10-24,ST04,SKU052,Safe,Safe
2026-10-25,ST04,SKU052,Safe,Safe
2026-10-26,ST04,SKU052,Safe,Safe
2026-10-27,ST04,SKU052,Safe,Safe
2026-10-28,ST04,SKU052,Safe,Safe
2026-10-29,ST04,SKU052,Safe,Safe
2026-10-30,ST04,SKU052,At-Risk,At-Risk
2026-10-24,ST05,SKU052,Safe,Safe
2026-10-25,ST05,SKU052,Safe,Safe
2026-10-26,ST05,SKU052,At-Risk,At-Risk
2026-10-27,ST05,SKU052,At-Risk,At-Risk
2026-10-28,ST05,SKU052,At-Risk,At-Risk
2026-10-29,ST05,SKU052,At-Risk,At-Risk
2026-10-30,ST05,SKU052,At-Risk,At-Risk
2026-10-24,ST06,SKU052,At-Risk,Imminent
2026-10-25,ST06,SKU052,Safe,Safe
2026-10-26,ST06,SKU052,Safe,Safe
2026-10-27,ST06,SKU052,Safe,Safe
2026-10-28,ST06,SKU052,Safe,Safe
2026-10-29,ST06,SKU052,Safe,Safe
2026-10-30,ST06,SKU052,Safe,Safe
2026-10-24,ST07,SKU052,Safe,Safe
2026-10-25,ST07,SKU052,Safe,Safe
2026-10-26,ST07,SKU052,Safe,Safe
2026-10-27,ST07,SKU052,Safe,Safe
2026-10-28,ST07,SKU052,At-Risk,At-Risk
2026-10-29,ST07,SKU052,At-Risk,At-Risk
2026-10-30,ST07,SKU052,At-Risk,At-Risk
2026-10-24,ST08,SKU052,Safe,Safe
2026-10-25,ST08,SKU052,Safe,Safe
2026-10-26,ST08,SKU052,Safe,Safe
2026-10-27,ST08,SKU052,Safe,Safe
2026-10-28,ST08,SKU052,Safe,Safe
2026-10-29,ST08,SKU052,Safe,Safe
2026-10-30,ST08,SKU052,Safe,Safe
2026-10-24,ST09,SKU052,Safe,Safe
2026-10-25,ST09,SKU052,Safe,Safe
2026-10-26,ST09,SKU052,Safe,Safe
2026-10-27,ST09,SKU052,Safe,Safe
2026-10-28,ST09,SKU052,At-Risk,At-Risk
2026-10-29,ST09,SKU052,At-Risk,At-Risk
2026-10-30,ST09,SKU052,At-Risk,At-Risk
2026-10-24,ST10,SKU052,Safe,Safe
2026-10-25,ST10,SKU052,At-Risk,At-Risk
2026-10-26,ST10,SKU052,At-Risk,At-Risk
2026-10-27,ST10,SKU052,At-Risk,At-Risk
2026-10-28,ST10,SKU052,At-Risk,Imminent
2026-10-29,ST10,SKU052,Safe,Safe
2026-10-30,ST10,SKU052,Safe,Safe
2026-10-24,ST11,SKU052,At-Risk,At-Risk
2026-10-25,ST11,SKU052,Safe,Safe
2026-10-26,ST11,SKU052,Safe,Safe
2026-10-27,ST11,SKU052,Safe,Safe
2026-10-28,ST11,SKU052,Safe,Safe
2026-10-29,ST11,SKU052,Safe,Safe
2026-10-30,ST11,SKU052,Safe,Safe
2026-10-24,ST12,SKU052,Safe,Safe
2026-10-25,ST12,SKU052,Safe,Safe
2026-10-26,ST12,SKU052,Safe,Safe
2026-10-27,ST12,SKU052,Safe,Safe
2026-10-28,ST12,SKU052,Safe,Safe
2026-10-29,ST12,SKU052,Safe,Safe
2026-10-30,ST12,SKU052,At-Risk,At-Risk
2026-10-24,ST01,SKU053,At-Risk,At-Risk
2026-10-25,ST01,SKU053,At-Risk,At-Risk
2026-10-26,ST01,SKU053,Safe,Safe
2026-10-27,ST01,SKU053,Safe,Safe
2026-10-28,ST01,SKU053,Safe,Safe
2026-10-29,ST01,SKU053,Safe,Safe
2026-10-30,ST01,SKU053,Safe,Safe
2026-10-24,ST02,SKU053,Imminent,Imminent
2026-10-25,ST02,SKU053,Safe,Safe
2026-10-26,ST02,SKU053,Safe,Safe
2026-10-27,ST02,SKU053,Safe,Safe
2026-10-28,ST02,SKU053,Safe,Safe
2026-10-29,ST02,SKU053,Safe,Safe
2026-10-30,ST02,SKU053,At-Risk,At-Risk
2026-10-24,ST03,SKU053,Imminent,Imminent
2026-10-25,ST03,SKU053,Safe,Safe
2026-10-26,ST03,SKU053,Safe,Safe
2026-10-27,ST03,SKU053,Safe,Safe
2026-10-28,ST03,SKU053,Safe,Safe
2026-10-29,ST03,SKU053,Safe,Safe
2026-10-30,ST03,SKU053,Safe,Safe
2026-10-24,ST04,SKU053,Safe,Safe
2026-10-25,ST04,SKU053,Safe,Safe
2026-10-26,ST04,SKU053,Safe,Safe
2026-10-27,ST04,SKU053,At-Risk,At-Risk
2026-10-28,ST04,SKU053,At-Risk,At-Risk
2026-10-29,ST04,SKU053,Imminent,At-Risk
2026-10-30,ST04,SKU053,At-Risk,At-Risk
2026-10-24,ST05,SKU053,At-Risk,At-Risk
2026-10-25,ST05,SKU053,At-Risk,Imminent
2026-10-26,ST05,SKU053,Safe,Safe
2026-10-27,ST05,SKU053,Safe,Safe
2026-10-28,ST05,SKU053,Safe,Safe
2026-10-29,ST05,SKU053,Safe,Safe
2026-10-30,ST05,SKU053,Safe,Safe
2026-10-24,ST06,SKU053,Safe,Safe
2026-10-25,ST06,SKU053,Safe,Safe
2026-10-26,ST06,SKU053,Safe,Safe
2026-10-27,ST06,SKU053,At-Risk,At-Risk
2026-10-28,ST06,SKU053,At-Risk,At-Risk
2026-10-29,ST06,SKU053,At-Risk,At-Risk
2026-10-30,ST06,SKU053,At-Risk,At-Risk
2026-10-24,ST07,SKU053,Safe,Safe
2026-10-25,ST07,SKU053,Safe,Safe
2026-10-26,ST07,SKU053,Safe,Safe
2026-10-27,ST07,SKU053,Safe,Safe
2026-10-28,ST07,SKU053,At-Risk,At-Risk
2026-10-29,ST07,SKU053,At-Risk,At-Risk
2026-10-30,ST07,SKU053,At-Risk,At-Risk
2026-10-24,ST08,SKU053,Imminent,Imminent
2026-10-25,ST08,SKU053,Safe,Safe
2026-10-26,ST08,SKU053,Safe,Safe
2026-10-27,ST08,SKU053,Safe,Safe
2026-10-28,ST08,SKU053,Safe,Safe
2026-10-29,ST08,SKU053,Safe,Safe
2026-10-30,ST08,SKU053,Safe,Safe
2026-10-24,ST09,SKU053,Imminent,Imminent
2026-10-25,ST09,SKU053,Safe,Safe
2026-10-26,ST09,SKU053,Safe,Safe
2026-10-27,ST09,SKU053,Safe,Safe
2026-10-28,ST09,SKU053,Safe,Safe
2026-10-29,ST09,SKU053,Safe,Safe
2026-10-30,ST09,SKU053,Safe,Safe
2026-10-24,ST10,SKU053,Safe,Safe
2026-10-25,ST10,SKU053,Safe,Safe
2026-10-26,ST10,SKU053,Safe,Safe
2026-10-27,ST10,SKU053,At-Risk,At-Risk
2026-10-28,ST10,SKU053,At-Risk,At-Risk
2026-10-29,ST10,SKU053,Imminent,At-Risk
2026-10-30,ST10,SKU053,Imminent,At-Risk
2026-10-24,ST11,SKU053,Safe,Safe
2026-10-25,ST11,SKU053,Safe,Safe
2026-10-26,ST11,SKU053,Safe,Safe
2026-10-27,ST11,SKU053,Safe,Safe
2026-10-28,ST11,SKU053,Safe,Safe
2026-10-29,ST11,SKU053,Safe,Safe
2026-10-30,ST11,SKU053,Safe,Safe
2026-10-24,ST12,SKU053,Imminent,At-Risk
2026-10-25,ST12,SKU053,Imminent,Imminent
2026-10-26,ST12,SKU053,Imminent,Imminent
2026-10-27,ST12,SKU053,Safe,Safe
2026-10-28,ST12,SKU053,Safe,Safe
2026-10-29,ST12,SKU053,Safe,Safe
2026-10-30,ST12,SKU053,Safe,Safe
2026-10-24,ST01,SKU054,Safe,Safe
2026-10-25,ST01,SKU054,Safe,Safe
2026-10-26,ST01,SKU054,Safe,Safe
2026-10-27,ST01,SKU054,Safe,Safe
2026-10-28,ST01,SKU054,Safe,Safe
2026-10-29,ST01,SKU054,At-Risk,At-Risk
2026-10-30,ST01,SKU054,At-Risk,At-Risk
2026-10-24,ST02,SKU054,Safe,Safe
2026-10-25,ST02,SKU054,Safe,Safe
2026-10-26,ST02,SKU054,Safe,Safe
2026-10-27,ST02,SKU054,Safe,Safe
2026-10-28,ST02,SKU054,Safe,Safe
2026-10-29,ST02,SKU054,Safe,Safe
2026-10-30,ST02,SKU054,Safe,Safe
2026-10-24,ST03,SKU054,Safe,Safe
2026-10-25,ST03,SKU054,Safe,Safe
2026-10-26,ST03,SKU054,Safe,Safe
2026-10-27,ST03,SKU054,Safe,Safe
2026-10-28,ST03,SKU054,Safe,Safe
2026-10-29,ST03,SKU054,Safe,Safe
2026-10-30,ST03,SKU054,At-Risk,At-Risk
2026-10-24,ST04,SKU054,At-Risk,At-Risk
2026-10-25,ST04,SKU054,Safe,Safe
2026-10-26,ST04,SKU054,Safe,Safe
2026-10-27,ST04,SKU054,Safe,Safe
2026-10-28,ST04,SKU054,Safe,Safe
2026-10-29,ST04,SKU054,Safe,Safe
2026-10-30,ST04,SKU054,Safe,Safe
2026-10-24,ST05,SKU054,Safe,Safe
2026-10-25,ST05,SKU054,Safe,Safe
2026-10-26,ST05,SKU054,At-Risk,At-Risk
2026-10-27,ST05,SKU054,At-Risk,At-Risk
2026-10-28,ST05,SKU054,At-Risk,At-Risk
2026-10-29,ST05,SKU054,At-Risk,At-Risk
2026-10-30,ST05,SKU054,At-Risk,At-Risk
2026-10-24,ST06,SKU054,Safe,Safe
2026-10-25,ST06,SKU054,Safe,Safe
2026-10-26,ST06,SKU054,Safe,Safe
2026-10-27,ST06,SKU054,Safe,Safe
2026-10-28,ST06,SKU054,Safe,Safe
2026-10-29,ST06,SKU054,Safe,Safe
2026-10-30,ST06,SKU054,Safe,Safe
2026-10-24,ST07,SKU054,Safe,Safe
2026-10-25,ST07,SKU054,Safe,Safe
2026-10-26,ST07,SKU054,Safe,Safe
2026-10-27,ST07,SKU054,Safe,Safe
2026-10-28,ST07,SKU054,Safe,Safe
2026-10-29,ST07,SKU054,Safe,Safe
2026-10-30,ST07,SKU054,Safe,Safe
2026-10-24,ST08,SKU054,Safe,Safe
2026-10-25,ST08,SKU054,Safe,Safe
2026-10-26,ST08,SKU054,At-Risk,At-Risk
2026-10-27,ST08,SKU054,At-Risk,At-Risk
2026-10-28,ST08,SKU054,At-Risk,At-Risk
2026-10-29,ST08,SKU054,At-Risk,At-Risk
2026-10-30,ST08,SKU054,At-Risk,At-Risk
2026-10-24,ST09,SKU054,Safe,Safe
2026-10-25,ST09,SKU054,Safe,Safe
2026-10-26,ST09,SKU054,Safe,Safe
2026-10-27,ST09,SKU054,Safe,Safe
2026-10-28,ST09,SKU054,At-Risk,At-Risk
2026-10-29,ST09,SKU054,At-Risk,At-Risk
2026-10-30,ST09,SKU054,At-Risk,At-Risk
2026-10-24,ST10,SKU054,Safe,Safe
2026-10-25,ST10,SKU054,Safe,Safe
2026-10-26,ST10,SKU054,Safe,Safe
2026-10-27,ST10,SKU054,Safe,Safe
2026-10-28,ST10,SKU054,Safe,Safe
2026-10-29,ST10,SKU054,Safe,Safe
2026-10-30,ST10,SKU054,Safe,Safe
2026-10-24,ST11,SKU054,Safe,Safe
2026-10-25,ST11,SKU054,Safe,Safe
2026-10-26,ST11,SKU054,Safe,Safe
2026-10-27,ST11,SKU054,Safe,Safe
2026-10-28,ST11,SKU054,At-Risk,At-Risk
2026-10-29,ST11,SKU054,At-Risk,At-Risk
2026-10-30,ST11,SKU054,At-Risk,At-Risk
2026-10-24,ST12,SKU054,Safe,Safe
2026-10-25,ST12,SKU054,Safe,Safe
2026-10-26,ST12,SKU054,Safe,Safe
2026-10-27,ST12,SKU054,At-Risk,At-Risk
2026-10-28,ST12,SKU054,At-Risk,At-Risk
2026-10-29,ST12,SKU054,At-Risk,At-Risk
2026-10-30,ST12,SKU054,Safe,Safe
2026-10-24,ST01,SKU055,Safe,Safe
2026-10-25,ST01,SKU055,At-Risk,At-Risk
2026-10-26,ST01,SKU055,At-Risk,At-Risk
2026-10-27,ST01,SKU055,At-Risk,At-Risk
2026-10-28,ST01,SKU055,Imminent,At-Risk
2026-10-29,ST01,SKU055,Imminent,Imminent
2026-10-30,ST01,SKU055,Imminent,Imminent
2026-10-24,ST02,SKU055,Safe,Safe
2026-10-25,ST02,SKU055,At-Risk,At-Risk
2026-10-26,ST02,SKU055,Imminent,At-Risk
2026-10-27,ST02,SKU055,Imminent,Imminent
2026-10-28,ST02,SKU055,Imminent,Imminent
2026-10-29,ST02,SKU055,At-Risk,Imminent
2026-10-30,ST02,SKU055,At-Risk,Imminent
2026-10-24,ST03,SKU055,Imminent,Imminent
2026-10-25,ST03,SKU055,Imminent,Imminent
2026-10-26,ST03,SKU055,Imminent,Imminent
2026-10-27,ST03,SKU055,Safe,Safe
2026-10-28,ST03,SKU055,Safe,Safe
2026-10-29,ST03,SKU055,Safe,Safe
2026-10-30,ST03,SKU055,Safe,Safe
2026-10-24,ST04,SKU055,Imminent,Imminent
2026-10-25,ST04,SKU055,Imminent,Imminent
2026-10-26,ST04,SKU055,Imminent,Imminent
2026-10-27,ST04,SKU055,Imminent,Imminent
2026-10-28,ST04,SKU055,Safe,Safe
2026-10-29,ST04,SKU055,Safe,Safe
2026-10-30,ST04,SKU055,Safe,Safe
2026-10-24,ST05,SKU055,At-Risk,At-Risk
2026-10-25,ST05,SKU055,Imminent,Imminent
2026-10-26,ST05,SKU055,Imminent,Imminent
2026-10-27,ST05,SKU055,Imminent,Imminent
2026-10-28,ST05,SKU055,Imminent,Imminent
2026-10-29,ST05,SKU055,Imminent,Imminent
2026-10-30,ST05,SKU055,Imminent,Imminent
2026-10-24,ST06,SKU055,At-Risk,At-Risk
2026-10-25,ST06,SKU055,Imminent,Imminent
2026-10-26,ST06,SKU055,Imminent,Imminent
2026-10-27,ST06,SKU055,Imminent,Imminent
2026-10-28,ST06,SKU055,Imminent,Imminent
2026-10-29,ST06,SKU055,Imminent,Imminent
2026-10-30,ST06,SKU055,Imminent,Imminent
2026-10-24,ST07,SKU055,Safe,Safe
2026-10-25,ST07,SKU055,Safe,Safe
2026-10-26,ST07,SKU055,At-Risk,At-Risk
2026-10-27,ST07,SKU055,At-Risk,At-Risk
2026-10-28,ST07,SKU055,At-Risk,At-Risk
2026-10-29,ST07,SKU055,At-Risk,At-Risk
2026-10-30,ST07,SKU055,Imminent,Imminent
2026-10-24,ST08,SKU055,At-Risk,Imminent
2026-10-25,ST08,SKU055,Safe,Safe
2026-10-26,ST08,SKU055,Safe,Safe
2026-10-27,ST08,SKU055,At-Risk,At-Risk
2026-10-28,ST08,SKU055,At-Risk,At-Risk
2026-10-29,ST08,SKU055,At-Risk,At-Risk
2026-10-30,ST08,SKU055,Safe,Safe
2026-10-24,ST09,SKU055,Imminent,Imminent
2026-10-25,ST09,SKU055,Safe,Safe
2026-10-26,ST09,SKU055,Safe,Safe
2026-10-27,ST09,SKU055,Safe,Safe
2026-10-28,ST09,SKU055,Safe,Safe
2026-10-29,ST09,SKU055,At-Risk,At-Risk
2026-10-30,ST09,SKU055,At-Risk,At-Risk
2026-10-24,ST10,SKU055,Safe,Safe
2026-10-25,ST10,SKU055,Safe,Safe
2026-10-26,ST10,SKU055,At-Risk,At-Risk
2026-10-27,ST10,SKU055,At-Risk,At-Risk
2026-10-28,ST10,SKU055,Imminent,Imminent
2026-10-29,ST10,SKU055,Imminent,Imminent
2026-10-30,ST10,SKU055,Imminent,Imminent
2026-10-24,ST11,SKU055,At-Risk,At-Risk
2026-10-25,ST11,SKU055,Imminent,Imminent
2026-10-26,ST11,SKU055,Imminent,Imminent
2026-10-27,ST11,SKU055,Imminent,Imminent
2026-10-28,ST11,SKU055,Imminent,Imminent
2026-10-29,ST11,SKU055,At-Risk,At-Risk
2026-10-30,ST11,SKU055,Safe,Safe
2026-10-24,ST12,SKU055,Safe,Safe
2026-10-25,ST12,SKU055,Safe,Safe
2026-10-26,ST12,SKU055,At-Risk,At-Risk
2026-10-27,ST12,SKU055,At-Risk,At-Risk
2026-10-28,ST12,SKU055,At-Risk,At-Risk
2026-10-29,ST12,SKU055,Imminent,Imminent
2026-10-30,ST12,SKU055,Imminent,Imminent
2026-10-24,ST01,SKU056,Imminent,Imminent
2026-10-25,ST01,SKU056,Imminent,Imminent
2026-10-26,ST01,SKU056,Imminent,Imminent
2026-10-27,ST01,SKU056,Imminent,Imminent
2026-10-28,ST01,SKU056,Safe,Safe
2026-10-29,ST01,SKU056,Safe,Safe
2026-10-30,ST01,SKU056,Safe,Safe
2026-10-24,ST02,SKU056,Safe,Safe
2026-10-25,ST02,SKU056,At-Risk,At-Risk
2026-10-26,ST02,SKU056,Safe,Safe
2026-10-27,ST02,SKU056,At-Risk,At-Risk
2026-10-28,ST02,SKU056,Imminent,Imminent
2026-10-29,ST02,SKU056,Imminent,Imminent
2026-10-30,ST02,SKU056,At-Risk,At-Risk
2026-10-24,ST03,SKU056,Imminent,Imminent
2026-10-25,ST03,SKU056,Imminent,Imminent
2026-10-26,ST03,SKU056,Imminent,Imminent
2026-10-27,ST03,SKU056,Imminent,Imminent
2026-10-28,ST03,SKU056,Safe,Safe
2026-10-29,ST03,SKU056,Safe,Safe
2026-10-30,ST03,SKU056,Safe,Safe
2026-10-24,ST04,SKU056,At-Risk,At-Risk
2026-10-25,ST04,SKU056,At-Risk,At-Risk
2026-10-26,ST04,SKU056,Imminent,Imminent
2026-10-27,ST04,SKU056,Imminent,Imminent
2026-10-28,ST04,SKU056,Imminent,Imminent
2026-10-29,ST04,SKU056,Imminent,Imminent
2026-10-30,ST04,SKU056,Imminent,Imminent
2026-10-24,ST05,SKU056,Imminent,Imminent
2026-10-25,ST05,SKU056,Imminent,Imminent
2026-10-26,ST05,SKU056,Imminent,Imminent
2026-10-27,ST05,SKU056,Imminent,Imminent
2026-10-28,ST05,SKU056,Safe,Safe
2026-10-29,ST05,SKU056,Safe,Safe
2026-10-30,ST05,SKU056,Safe,Safe
2026-10-24,ST06,SKU056,Safe,Safe
2026-10-25,ST06,SKU056,At-Risk,At-Risk
2026-10-26,ST06,SKU056,Imminent,Imminent
2026-10-27,ST06,SKU056,Imminent,Imminent
2026-10-28,ST06,SKU056,Imminent,Imminent
2026-10-29,ST06,SKU056,Imminent,Imminent
2026-10-30,ST06,SKU056,Safe,Safe
2026-10-24,ST07,SKU056,Safe,Safe
2026-10-25,ST07,SKU056,At-Risk,At-Risk
2026-10-26,ST07,SKU056,At-Risk,At-Risk
2026-10-27,ST07,SKU056,Imminent,Imminent
2026-10-28,ST07,SKU056,Imminent,Imminent
2026-10-29,ST07,SKU056,Imminent,At-Risk
2026-10-30,ST07,SKU056,Imminent,Imminent
2026-10-24,ST08,SKU056,Safe,Safe
2026-10-25,ST08,SKU056,Safe,Safe
2026-10-26,ST08,SKU056,Safe,Safe
2026-10-27,ST08,SKU056,Safe,Safe
2026-10-28,ST08,SKU056,At-Risk,At-Risk
2026-10-29,ST08,SKU056,Imminent,Imminent
2026-10-30,ST08,SKU056,Imminent,Imminent
2026-10-24,ST09,SKU056,At-Risk,At-Risk
2026-10-25,ST09,SKU056,Imminent,Imminent
2026-10-26,ST09,SKU056,Imminent,Imminent
2026-10-27,ST09,SKU056,Imminent,Imminent
2026-10-28,ST09,SKU056,Imminent,Imminent
2026-10-29,ST09,SKU056,Imminent,Imminent
2026-10-30,ST09,SKU056,Safe,Safe
2026-10-24,ST10,SKU056,Safe,Safe
2026-10-25,ST10,SKU056,Safe,Safe
2026-10-26,ST10,SKU056,Safe,Safe
2026-10-27,ST10,SKU056,At-Risk,At-Risk
2026-10-28,ST10,SKU056,At-Risk,At-Risk
2026-10-29,ST10,SKU056,At-Risk,At-Risk
2026-10-30,ST10,SKU056,Imminent,Imminent
2026-10-24,ST11,SKU056,Safe,Safe
2026-10-25,ST11,SKU056,Safe,Safe
2026-10-26,ST11,SKU056,At-Risk,At-Risk
2026-10-27,ST11,SKU056,Imminent,Imminent
2026-10-28,ST11,SKU056,Imminent,Imminent
2026-10-29,ST11,SKU056,Imminent,Imminent
2026-10-30,ST11,SKU056,Imminent,Imminent
2026-10-24,ST12,SKU056,Safe,Safe
2026-10-25,ST12,SKU056,Safe,Safe
2026-10-26,ST12,SKU056,Safe,Safe
2026-10-27,ST12,SKU056,At-Risk,At-Risk
2026-10-28,ST12,SKU056,At-Risk,At-Risk
2026-10-29,ST12,SKU056,At-Risk,At-Risk
2026-10-30,ST12,SKU056,Imminent,Imminent
2026-10-24,ST01,SKU057,Safe,Safe
2026-10-25,ST01,SKU057,Safe,Safe
2026-10-26,ST01,SKU057,At-Risk,At-Risk
2026-10-27,ST01,SKU057,At-Risk,At-Risk
2026-10-28,ST01,SKU057,At-Risk,At-Risk
2026-10-29,ST01,SKU057,At-Risk,At-Risk
2026-10-30,ST01,SKU057,Imminent,Imminent
2026-10-24,ST02,SKU057,Safe,Safe
2026-10-25,ST02,SKU057,Safe,Safe
2026-10-26,ST02,SKU057,Safe,Safe
2026-10-27,ST02,SKU057,Safe,Safe
2026-10-28,ST02,SKU057,Safe,Safe
2026-10-29,ST02,SKU057,Safe,Safe
2026-10-30,ST02,SKU057,At-Risk,At-Risk
2026-10-24,ST03,SKU057,Imminent,Imminent
2026-10-25,ST03,SKU057,Imminent,Imminent
2026-10-26,ST03,SKU057,Imminent,Imminent
2026-10-27,ST03,SKU057,Safe,Safe
2026-10-28,ST03,SKU057,Safe,Safe
2026-10-29,ST03,SKU057,Safe,Safe
2026-10-30,ST03,SKU057,Safe,Safe
2026-10-24,ST04,SKU057,Safe,Safe
2026-10-25,ST04,SKU057,Safe,Safe
2026-10-26,ST04,SKU057,At-Risk,At-Risk
2026-10-27,ST04,SKU057,At-Risk,Imminent
2026-10-28,ST04,SKU057,Imminent,Imminent
2026-10-29,ST04,SKU057,Imminent,Imminent
2026-10-30,ST04,SKU057,At-Risk,Imminent
2026-10-24,ST05,SKU057,Imminent,Imminent
2026-10-25,ST05,SKU057,Imminent,Imminent
2026-10-26,ST05,SKU057,Safe,Safe
2026-10-27,ST05,SKU057,Safe,Safe
2026-10-28,ST05,SKU057,Safe,Safe
2026-10-29,ST05,SKU057,Safe,Safe
2026-10-30,ST05,SKU057,Safe,Safe
2026-10-24,ST06,SKU057,Safe,Safe
2026-10-25,ST06,SKU057,At-Risk,At-Risk
2026-10-26,ST06,SKU057,At-Risk,At-Risk
2026-10-27,ST06,SKU057,At-Risk,At-Risk
2026-10-28,ST06,SKU057,Imminent,Imminent
2026-10-29,ST06,SKU057,Imminent,Imminent
2026-10-30,ST06,SKU057,Imminent,Imminent
2026-10-24,ST07,SKU057,At-Risk,At-Risk
2026-10-25,ST07,SKU057,At-Risk,At-Risk
2026-10-26,ST07,SKU057,Imminent,Imminent
2026-10-27,ST07,SKU057,Imminent,Imminent
2026-10-28,ST07,SKU057,Imminent,Imminent
2026-10-29,ST07,SKU057,Imminent,Imminent
2026-10-30,ST07,SKU057,Imminent,Imminent
2026-10-24,ST08,SKU057,Safe,Safe
2026-10-25,ST08,SKU057,Safe,Safe
2026-10-26,ST08,SKU057,At-Risk,At-Risk
2026-10-27,ST08,SKU057,At-Risk,At-Risk
2026-10-28,ST08,SKU057,Imminent,Imminent
2026-10-29,ST08,SKU057,Imminent,Imminent
2026-10-30,ST08,SKU057,Imminent,Imminent
2026-10-24,ST09,SKU057,Imminent,At-Risk
2026-10-25,ST09,SKU057,Imminent,Imminent
2026-10-26,ST09,SKU057,Imminent,Imminent
2026-10-27,ST09,SKU057,Imminent,Imminent
2026-10-28,ST09,SKU057,Imminent,Imminent
2026-10-29,ST09,SKU057,Imminent,Imminent
2026-10-30,ST09,SKU057,Safe,Safe
2026-10-24,ST10,SKU057,Safe,Safe
2026-10-25,ST10,SKU057,At-Risk,At-Risk
2026-10-26,ST10,SKU057,At-Risk,At-Risk
2026-10-27,ST10,SKU057,At-Risk,At-Risk
2026-10-28,ST10,SKU057,At-Risk,At-Risk
2026-10-29,ST10,SKU057,At-Risk,Imminent
2026-10-30,ST10,SKU057,At-Risk,Imminent
2026-10-24,ST11,SKU057,Safe,Safe
2026-10-25,ST11,SKU057,Imminent,Imminent
2026-10-26,ST11,SKU057,Imminent,Imminent
2026-10-27,ST11,SKU057,Safe,Safe
2026-10-28,ST11,SKU057,Safe,Safe
2026-10-29,ST11,SKU057,Safe,Safe
2026-10-30,ST11,SKU057,At-Risk,At-Risk
2026-10-24,ST12,SKU057,Safe,Safe
2026-10-25,ST12,SKU057,Safe,Safe
2026-10-26,ST12,SKU057,At-Risk,At-Risk
2026-10-27,ST12,SKU057,At-Risk,At-Risk
2026-10-28,ST12,SKU057,Imminent,Imminent
2026-10-29,ST12,SKU057,At-Risk,Imminent
2026-10-30,ST12,SKU057,At-Risk,Imminent
2026-10-24,ST01,SKU058,Imminent,Imminent
2026-10-25,ST01,SKU058,Imminent,Imminent
2026-10-26,ST01,SKU058,Safe,Safe
2026-10-27,ST01,SKU058,Safe,Safe
2026-10-28,ST01,SKU058,Safe,Safe
2026-10-29,ST01,SKU058,Safe,Safe
2026-10-30,ST01,SKU058,Safe,Safe
2026-10-24,ST02,SKU058,Safe,Safe
2026-10-25,ST02,SKU058,At-Risk,At-Risk
2026-10-26,ST02,SKU058,At-Risk,At-Risk
2026-10-27,ST02,SKU058,Imminent,Imminent
2026-10-28,ST02,SKU058,Imminent,At-Risk
2026-10-29,ST02,SKU058,Imminent,Imminent
2026-10-30,ST02,SKU058,Imminent,Imminent
2026-10-24,ST03,SKU058,Safe,Safe
2026-10-25,ST03,SKU058,At-Risk,At-Risk
2026-10-26,ST03,SKU058,At-Risk,At-Risk
2026-10-27,ST03,SKU058,Imminent,At-Risk
2026-10-28,ST03,SKU058,Imminent,At-Risk
2026-10-29,ST03,SKU058,At-Risk,Imminent
2026-10-30,ST03,SKU058,At-Risk,Imminent
2026-10-24,ST04,SKU058,Safe,Safe
2026-10-25,ST04,SKU058,At-Risk,At-Risk
2026-10-26,ST04,SKU058,Imminent,Imminent
2026-10-27,ST04,SKU058,Imminent,Imminent
2026-10-28,ST04,SKU058,Imminent,Imminent
2026-10-29,ST04,SKU058,Imminent,Imminent
2026-10-30,ST04,SKU058,Imminent,Imminent
2026-10-24,ST05,SKU058,Safe,Safe
2026-10-25,ST05,SKU058,Safe,Safe
2026-10-26,ST05,SKU058,Safe,Safe
2026-10-27,ST05,SKU058,At-Risk,At-Risk
2026-10-28,ST05,SKU058,At-Risk,At-Risk
2026-10-29,ST05,SKU058,At-Risk,At-Risk
2026-10-30,ST05,SKU058,At-Risk,At-Risk
2026-10-24,ST06,SKU058,Imminent,Imminent
2026-10-25,ST06,SKU058,Imminent,Imminent
2026-10-26,ST06,SKU058,Imminent,Imminent
2026-10-27,ST06,SKU058,Safe,Safe
2026-10-28,ST06,SKU058,Safe,Safe
2026-10-29,ST06,SKU058,Safe,Safe
2026-10-30,ST06,SKU058,Safe,Safe
2026-10-24,ST07,SKU058,Safe,Safe
2026-10-25,ST07,SKU058,At-Risk,At-Risk
2026-10-26,ST07,SKU058,Imminent,Imminent
2026-10-27,ST07,SKU058,Imminent,Imminent
2026-10-28,ST07,SKU058,Imminent,Imminent
2026-10-29,ST07,SKU058,At-Risk,Imminent
2026-10-30,ST07,SKU058,Safe,Safe
2026-10-24,ST08,SKU058,Imminent,At-Risk
2026-10-25,ST08,SKU058,Imminent,Imminent
2026-10-26,ST08,SKU058,Imminent,Imminent
2026-10-27,ST08,SKU058,Safe,Safe
2026-10-28,ST08,SKU058,Safe,Safe
2026-10-29,ST08,SKU058,Safe,Safe
2026-10-30,ST08,SKU058,Safe,Safe
2026-10-24,ST09,SKU058,Safe,Safe
2026-10-25,ST09,SKU058,At-Risk,At-Risk
2026-10-26,ST09,SKU058,Imminent,Imminent
2026-10-27,ST09,SKU058,Imminent,Imminent
2026-10-28,ST09,SKU058,Imminent,Imminent
2026-10-29,ST09,SKU058,Imminent,Imminent
2026-10-30,ST09,SKU058,Imminent,Imminent
2026-10-24,ST10,SKU058,Safe,Safe
2026-10-25,ST10,SKU058,Safe,Safe
2026-10-26,ST10,SKU058,Safe,Safe
2026-10-27,ST10,SKU058,At-Risk,At-Risk
2026-10-28,ST10,SKU058,At-Risk,At-Risk
2026-10-29,ST10,SKU058,Imminent,Imminent
2026-10-30,ST10,SKU058,Imminent,Imminent
2026-10-24,ST11,SKU058,At-Risk,At-Risk
2026-10-25,ST11,SKU058,Imminent,Imminent
2026-10-26,ST11,SKU058,Imminent,Imminent
2026-10-27,ST11,SKU058,At-Risk,Imminent
2026-10-28,ST11,SKU058,At-Risk,Imminent
2026-10-29,ST11,SKU058,Safe,Safe
2026-10-30,ST11,SKU058,Safe,Safe
2026-10-24,ST12,SKU058,Safe,Safe
2026-10-25,ST12,SKU058,At-Risk,At-Risk
2026-10-26,ST12,SKU058,Imminent,Imminent
2026-10-27,ST12,SKU058,Imminent,Imminent
2026-10-28,ST12,SKU058,Imminent,Imminent
2026-10-29,ST12,SKU058,At-Risk,Imminent
2026-10-30,ST12,SKU058,Safe,Safe
2026-10-24,ST01,SKU059,Safe,Safe
2026-10-25,ST01,SKU059,At-Risk,At-Risk
2026-10-26,ST01,SKU059,Imminent,Imminent
2026-10-27,ST01,SKU059,Imminent,Imminent
2026-10-28,ST01,SKU059,Imminent,Imminent
2026-10-29,ST01,SKU059,Imminent,Imminent
2026-10-30,ST01,SKU059,Imminent,At-Risk
2026-10-24,ST02,SKU059,Safe,Safe
2026-10-25,ST02,SKU059,At-Risk,At-Risk
2026-10-26,ST02,SKU059,Imminent,Imminent
2026-10-27,ST02,SKU059,Imminent,Imminent
2026-10-28,ST02,SKU059,Imminent,Imminent
2026-10-29,ST02,SKU059,Imminent,Imminent
2026-10-30,ST02,SKU059,Imminent,Imminent
2026-10-24,ST03,SKU059,Imminent,At-Risk
2026-10-25,ST03,SKU059,Imminent,Imminent
2026-10-26,ST03,SKU059,Imminent,Imminent
2026-10-27,ST03,SKU059,Imminent,Imminent
2026-10-28,ST03,SKU059,Safe,Safe
2026-10-29,ST03,SKU059,Safe,Safe
2026-10-30,ST03,SKU059,Safe,Safe
2026-10-24,ST04,SKU059,At-Risk,At-Risk
2026-10-25,ST04,SKU059,Imminent,Imminent
2026-10-26,ST04,SKU059,Imminent,Imminent
2026-10-27,ST04,SKU059,Imminent,Imminent
2026-10-28,ST04,SKU059,Imminent,Imminent
2026-10-29,ST04,SKU059,Imminent,Imminent
2026-10-30,ST04,SKU059,Safe,Safe
2026-10-24,ST05,SKU059,Safe,Safe
2026-10-25,ST05,SKU059,At-Risk,At-Risk
2026-10-26,ST05,SKU059,Imminent,At-Risk
2026-10-27,ST05,SKU059,Imminent,Imminent
2026-10-28,ST05,SKU059,Imminent,Imminent
2026-10-29,ST05,SKU059,Imminent,Imminent
2026-10-30,ST05,SKU059,At-Risk,Imminent
2026-10-24,ST06,SKU059,Imminent,Imminent
2026-10-25,ST06,SKU059,Safe,Safe
2026-10-26,ST06,SKU059,Safe,Safe
2026-10-27,ST06,SKU059,Safe,Safe
2026-10-28,ST06,SKU059,Safe,Safe
2026-10-29,ST06,SKU059,Safe,Safe
2026-10-30,ST06,SKU059,Safe,Safe
2026-10-24,ST07,SKU059,Imminent,Imminent
2026-10-25,ST07,SKU059,Safe,Safe
2026-10-26,ST07,SKU059,Safe,Safe
2026-10-27,ST07,SKU059,Safe,Safe
2026-10-28,ST07,SKU059,Safe,Safe
2026-10-29,ST07,SKU059,Safe,Safe
2026-10-30,ST07,SKU059,At-Risk,At-Risk
2026-10-24,ST08,SKU059,Imminent,At-Risk
2026-10-25,ST08,SKU059,Imminent,Imminent
2026-10-26,ST08,SKU059,Imminent,Imminent
2026-10-27,ST08,SKU059,Safe,Safe
2026-10-28,ST08,SKU059,Safe,Safe
2026-10-29,ST08,SKU059,Safe,Safe
2026-10-30,ST08,SKU059,Safe,Safe
2026-10-24,ST09,SKU059,Imminent,Imminent
2026-10-25,ST09,SKU059,Imminent,Imminent
2026-10-26,ST09,SKU059,Imminent,Imminent
2026-10-27,ST09,SKU059,Imminent,Imminent
2026-10-28,ST09,SKU059,Imminent,Imminent
2026-10-29,ST09,SKU059,Safe,Safe
2026-10-30,ST09,SKU059,Safe,Safe
2026-10-24,ST10,SKU059,Safe,Safe
2026-10-25,ST10,SKU059,At-Risk,At-Risk
2026-10-26,ST10,SKU059,Imminent,Imminent
2026-10-27,ST10,SKU059,Imminent,Imminent
2026-10-28,ST10,SKU059,Imminent,Imminent
2026-10-29,ST10,SKU059,At-Risk,Imminent
2026-10-30,ST10,SKU059,Safe,Safe
2026-10-24,ST11,SKU059,Safe,Safe
2026-10-25,ST11,SKU059,Safe,Safe
2026-10-26,ST11,SKU059,At-Risk,At-Risk
2026-10-27,ST11,SKU059,At-Risk,At-Risk
2026-10-28,ST11,SKU059,Imminent,Imminent
2026-10-29,ST11,SKU059,Imminent,Imminent
2026-10-30,ST11,SKU059,Imminent,Imminent
2026-10-24,ST12,SKU059,Safe,Safe
2026-10-25,ST12,SKU059,At-Risk,At-Risk
2026-10-26,ST12,SKU059,At-Risk,At-Risk
2026-10-27,ST12,SKU059,At-Risk,At-Risk
2026-10-28,ST12,SKU059,Imminent,Imminent
2026-10-29,ST12,SKU059,Imminent,Imminent
2026-10-30,ST12,SKU059,Imminent,Imminent
2026-10-24,ST01,SKU060,Safe,Safe
2026-10-25,ST01,SKU060,Safe,Safe
2026-10-26,ST01,SKU060,At-Risk,At-Risk
2026-10-27,ST01,SKU060,At-Risk,At-Risk
2026-10-28,ST01,SKU060,At-Risk,At-Risk
2026-10-29,ST01,SKU060,At-Risk,At-Risk
2026-10-30,ST01,SKU060,Imminent,At-Risk
2026-10-24,ST02,SKU060,Safe,Safe
2026-10-25,ST02,SKU060,Safe,Safe
2026-10-26,ST02,SKU060,Safe,Safe
2026-10-27,ST02,SKU060,Safe,Safe
2026-10-28,ST02,SKU060,At-Risk,At-Risk
2026-10-29,ST02,SKU060,Imminent,Imminent
2026-10-30,ST02,SKU060,Imminent,Imminent
2026-10-24,ST03,SKU060,Safe,Safe
2026-10-25,ST03,SKU060,At-Risk,At-Risk
2026-10-26,ST03,SKU060,Imminent,At-Risk
2026-10-27,ST03,SKU060,Imminent,At-Risk
2026-10-28,ST03,SKU060,Imminent,At-Risk
2026-10-29,ST03,SKU060,Imminent,At-Risk
2026-10-30,ST03,SKU060,Imminent,Imminent
2026-10-24,ST04,SKU060,At-Risk,At-Risk
2026-10-25,ST04,SKU060,At-Risk,At-Risk
2026-10-26,ST04,SKU060,Imminent,At-Risk
2026-10-27,ST04,SKU060,Imminent,At-Risk
2026-10-28,ST04,SKU060,Imminent,At-Risk
2026-10-29,ST04,SKU060,Imminent,Imminent
2026-10-30,ST04,SKU060,Imminent,Imminent
2026-10-24,ST05,SKU060,Imminent,Imminent
2026-10-25,ST05,SKU060,Imminent,Imminent
2026-10-26,ST05,SKU060,Imminent,Imminent
2026-10-27,ST05,SKU060,Safe,Safe
2026-10-28,ST05,SKU060,Safe,Safe
2026-10-29,ST05,SKU060,Safe,Safe
2026-10-30,ST05,SKU060,Safe,Safe
2026-10-24,ST06,SKU060,Safe,Safe
2026-10-25,ST06,SKU060,Safe,Safe
2026-10-26,ST06,SKU060,At-Risk,At-Risk
2026-10-27,ST06,SKU060,At-Risk,At-Risk
2026-10-28,ST06,SKU060,At-Risk,At-Risk
2026-10-29,ST06,SKU060,At-Risk,At-Risk
2026-10-30,ST06,SKU060,Imminent,At-Risk
2026-10-24,ST07,SKU060,Imminent,Imminent
2026-10-25,ST07,SKU060,Imminent,Imminent
2026-10-26,ST07,SKU060,Imminent,Imminent
2026-10-27,ST07,SKU060,Safe,Safe
2026-10-28,ST07,SKU060,Safe,Safe
2026-10-29,ST07,SKU060,Safe,Safe
2026-10-30,ST07,SKU060,Safe,Safe
2026-10-24,ST08,SKU060,Safe,Safe
2026-10-25,ST08,SKU060,Safe,Safe
2026-10-26,ST08,SKU060,At-Risk,At-Risk
2026-10-27,ST08,SKU060,Imminent,At-Risk
2026-10-28,ST08,SKU060,Imminent,At-Risk
2026-10-29,ST08,SKU060,Imminent,At-Risk
2026-10-30,ST08,SKU060,Imminent,Imminent
2026-10-24,ST09,SKU060,At-Risk,At-Risk
2026-10-25,ST09,SKU060,At-Risk,At-Risk
2026-10-26,ST09,SKU060,Imminent,At-Risk
2026-10-27,ST09,SKU060,Imminent,Imminent
2026-10-28,ST09,SKU060,At-Risk,Imminent
2026-10-29,ST09,SKU060,At-Risk,Imminent
2026-10-30,ST09,SKU060,Safe,Safe
2026-10-24,ST10,SKU060,Safe,Safe
2026-10-25,ST10,SKU060,Safe,Safe
2026-10-26,ST10,SKU060,At-Risk,At-Risk
2026-10-27,ST10,SKU060,At-Risk,At-Risk
2026-10-28,ST10,SKU060,At-Risk,At-Risk
2026-10-29,ST10,SKU060,At-Risk,At-Risk
2026-10-30,ST10,SKU060,Imminent,At-Risk
2026-10-24,ST11,SKU060,Safe,Safe
2026-10-25,ST11,SKU060,At-Risk,At-Risk
2026-10-26,ST11,SKU060,Imminent,At-Risk
2026-10-27,ST11,SKU060,Imminent,Imminent
2026-10-28,ST11,SKU060,Imminent,Imminent
2026-10-29,ST11,SKU060,At-Risk,Imminent
2026-10-30,ST11,SKU060,At-Risk,Imminent
2026-10-24,ST12,SKU060,Imminent,Imminent
2026-10-25,ST12,SKU060,Safe,Safe
2026-10-26,ST12,SKU060,Safe,Safe
2026-10-27,ST12,SKU060,Safe,Safe
2026-10-28,ST12,SKU060,Safe,Safe
2026-10-29,ST12,SKU060,Safe,Safe
2026-10-30,ST12,SKU060,Safe,Safe
